Timestamp,Server_Workload(%),Inlet_Temperature(°C),Outlet_Temperature(°C),Ambient_Temperature(°C),Cooling_Unit_Power_Consumption(kW),Chiller_Usage(%),AHU_Usage(%),Total_Energy_Cost($),Temperature_Deviation(°C),Cooling_Strategy_Action,Output,scenario,severity,failure_point,sensor_status,data_quality,is_outlier,event_id,run_id
2026-07-29 11:21:56.307-07,71.26,21.80,28.33,23.15,0.860,74.90,51.29,0.0700,0.85,Increase Chiller,0,normal,info,,online,valid,f,6b7b8dd8-100c-423d-bea6-c5285fa907e0,1b17a05b-18db-4c6f-80e3-18b47f6cb8c4
2026-07-29 11:21:56.363-07,99.64,26.18,30.78,22.91,1.000,98.90,59.07,0.1000,1.09,Boost All,3,workload_spike,warning,,online,valid,t,3dd41709-b247-47e6-ba3e-8e508c27fb2f,1b17a05b-18db-4c6f-80e3-18b47f6cb8c4
2026-07-29 11:21:56.418-07,95.35,26.25,28.87,24.06,1.010,99.10,43.71,0.1400,0.06,Eco Mode,4,normal,info,,online,valid,f,5d2401fd-0192-4d6e-859a-a69feaa59856,1b17a05b-18db-4c6f-80e3-18b47f6cb8c4
2026-07-29 11:21:56.474-07,58.87,20.16,25.55,25.72,0.760,62.32,51.76,0.1100,1.72,Increase Chiller,0,normal,info,,online,valid,f,bdeb2607-331e-4b2b-bf43-60c10607e2e7,1b17a05b-18db-4c6f-80e3-18b47f6cb8c4
2026-07-29 11:21:56.53-07,97.99,24.48,29.33,24.01,1.000,96.73,44.71,0.1500,0.01,Increase Chiller,0,outlier,warning,,online,valid,t,ab5aa9d2-6398-4401-8499-0dbd18406eba,1b17a05b-18db-4c6f-80e3-18b47f6cb8c4
2026-07-29 11:21:56.586-07,47.93,22.10,25.60,19.98,0.610,50.73,40.29,0.0500,4.02,Maintain,2,normal,info,,online,valid,f,de63bf02-0fb4-4aaa-9f98-35ac491b4926,1b17a05b-18db-4c6f-80e3-18b47f6cb8c4
2026-07-29 11:21:56.643-07,64.93,21.31,24.27,24.27,0.730,60.62,49.20,0.1000,0.27,Eco Mode,4,normal,info,,online,valid,f,721341ef-6491-4558-bce3-b776a69a3309,1b17a05b-18db-4c6f-80e3-18b47f6cb8c4
2026-07-29 11:21:56.699-07,19.43,15.58,18.74,20.74,0.400,26.39,37.47,0.0400,3.26,Increase Chiller,0,normal,info,,online,valid,f,456cb609-293a-49d3-a66f-01c7ac07d169,1b17a05b-18db-4c6f-80e3-18b47f6cb8c4
2026-07-29 11:21:56.755-07,100.00,24.62,24.86,26.46,1.060,100.00,52.82,0.1000,2.46,Eco Mode,4,normal,info,,online,valid,f,2aeba448-0c33-4758-a7bb-cf8ab6f68158,1b17a05b-18db-4c6f-80e3-18b47f6cb8c4
2026-07-29 11:21:56.811-07,81.39,22.70,29.41,19.32,0.860,83.13,39.59,0.0900,4.68,Eco Mode,4,normal,info,,online,valid,f,3e60d787-24eb-48ee-bf3f-ff0fdd042e33,1b17a05b-18db-4c6f-80e3-18b47f6cb8c4
2026-07-29 11:21:56.867-07,54.93,19.23,25.61,21.36,0.620,51.33,41.35,0.0800,2.64,Increase Chiller,0,normal,info,,online,valid,f,47498514-9e83-4c28-9b81-5d839065fa3d,1b17a05b-18db-4c6f-80e3-18b47f6cb8c4
2026-07-29 11:21:56.924-07,28.14,16.43,21.98,29.58,0.580,35.43,59.30,0.0600,5.58,Eco Mode,4,normal,info,,online,valid,f,e4ea760f-590c-4eee-acb6-9981c6e46abf,1b17a05b-18db-4c6f-80e3-18b47f6cb8c4
2026-07-29 11:21:56.98-07,76.61,21.95,29.03,27.04,0.940,80.55,58.43,0.0800,3.04,Maintain,2,normal,info,,online,valid,f,3084e5a8-ee73-43d4-a09d-d8a03699c2e5,1b17a05b-18db-4c6f-80e3-18b47f6cb8c4
2026-07-29 11:21:57.033-07,92.13,23.79,32.79,25.26,1.030,94.19,55.21,0.1000,1.26,Maintain,2,normal,info,,online,valid,f,65970789-ab93-49c5-bf3b-302b2bd479fb,1b17a05b-18db-4c6f-80e3-18b47f6cb8c4
2026-07-29 11:21:57.089-07,19.15,16.21,21.66,24.24,0.410,20.00,50.48,0.0400,0.24,Boost All,3,normal,info,,online,valid,f,665d903e-cea8-4383-b554-4937c6b98986,1b17a05b-18db-4c6f-80e3-18b47f6cb8c4
2026-07-29 11:21:57.146-07,53.82,20.30,24.28,25.20,0.620,44.85,51.37,0.0800,1.20,Reduce AHU,1,normal,info,,online,valid,f,52d83891-b45e-462f-8caa-d37221ed8b22,1b17a05b-18db-4c6f-80e3-18b47f6cb8c4
2026-07-29 11:21:57.201-07,81.63,24.48,27.36,23.39,0.890,80.66,49.12,0.1000,0.61,Increase Chiller,0,normal,info,,online,valid,f,d2c805f6-5cfb-4961-bccc-7b102f236a9e,1b17a05b-18db-4c6f-80e3-18b47f6cb8c4
2026-07-29 11:21:57.256-07,79.74,23.60,24.61,24.22,0.940,86.40,50.43,0.1300,0.22,Reduce AHU,1,normal,info,,online,valid,f,6077d60d-f8dd-4d56-8680-ea196654cf2c,1b17a05b-18db-4c6f-80e3-18b47f6cb8c4
2026-07-29 11:21:57.312-07,100.00,25.58,31.90,25.30,1.060,100.00,51.26,0.1500,1.30,Eco Mode,4,outlier,warning,,online,valid,t,eac7592d-5aca-4412-a649-f976e46fb9bf,1b17a05b-18db-4c6f-80e3-18b47f6cb8c4
2026-07-29 11:21:57.367-07,68.83,18.53,19.89,26.58,0.770,62.79,54.20,0.0900,2.58,Boost All,3,normal,info,,online,valid,f,d1a9db2d-3a9a-45bc-ad31-173c67bcc530,1b17a05b-18db-4c6f-80e3-18b47f6cb8c4
2026-07-29 11:21:57.424-07,48.84,20.43,27.33,24.57,0.620,47.06,48.08,0.0500,0.57,Eco Mode,4,normal,info,,online,valid,f,adbe3bcd-7a45-41f0-85eb-ffe59abdc3aa,1b17a05b-18db-4c6f-80e3-18b47f6cb8c4
2026-07-29 11:21:57.48-07,68.02,22.27,25.22,20.57,0.670,58.16,41.48,0.1000,3.43,Reduce AHU,1,normal,info,,online,valid,f,c8933aa5-bfb9-49a1-a6fd-0152d2ea7107,1b17a05b-18db-4c6f-80e3-18b47f6cb8c4
2026-07-29 11:21:57.536-07,38.60,18.62,25.26,21.81,0.450,31.27,40.09,0.0600,2.19,Eco Mode,4,normal,info,,online,valid,f,edafc8e6-5c62-4e0c-8373-3f7535c5c484,1b17a05b-18db-4c6f-80e3-18b47f6cb8c4
2026-07-29 11:21:57.592-07,74.44,22.00,27.03,19.83,0.830,79.64,38.42,0.1200,4.17,Increase Chiller,0,normal,info,,online,valid,f,99e9b151-0227-4333-91fe-0282f4a05ab5,1b17a05b-18db-4c6f-80e3-18b47f6cb8c4
2026-07-29 11:21:57.648-07,89.03,24.18,27.08,20.33,0.890,83.75,43.52,0.1100,3.67,Boost All,3,normal,info,,online,valid,f,63b7baed-cbbe-4fdb-af9f-6a77f3498b32,1b17a05b-18db-4c6f-80e3-18b47f6cb8c4
2026-07-29 11:21:57.704-07,52.31,21.05,25.21,25.01,0.590,43.22,48.89,0.0800,1.01,Increase Chiller,0,normal,info,,online,valid,f,c893104c-9946-459e-9f3c-a7509c54c534,1b17a05b-18db-4c6f-80e3-18b47f6cb8c4
2026-07-29 11:21:57.757-07,75.51,21.67,24.13,23.54,0.800,73.44,42.14,0.1000,0.46,Maintain,2,normal,info,,online,valid,f,c890a7f5-dd57-4564-a48b-4c86237e8758,1b17a05b-18db-4c6f-80e3-18b47f6cb8c4
2026-07-29 11:21:57.814-07,75.81,25.97,28.73,22.39,0.780,68.78,46.75,0.1000,1.61,Eco Mode,4,normal,info,,online,valid,f,9070016e-3fbf-4791-8d73-c5da5ae4c370,1b17a05b-18db-4c6f-80e3-18b47f6cb8c4
2026-07-29 11:21:57.868-07,70.52,21.06,28.24,22.73,0.690,61.14,40.47,0.0600,1.27,Reduce AHU,1,normal,info,,online,valid,f,81be6b46-91d1-439b-9818-0c8340d0fd77,1b17a05b-18db-4c6f-80e3-18b47f6cb8c4
2026-07-29 11:21:57.924-07,40.02,18.93,23.69,18.02,0.420,30.07,35.42,0.0300,5.98,Maintain,2,normal,info,,online,valid,f,811c3d56-f797-4d00-93f2-2252f6b68528,1b17a05b-18db-4c6f-80e3-18b47f6cb8c4
2026-07-29 11:21:57.98-07,60.83,20.52,27.44,28.46,0.710,54.66,54.35,0.0800,4.46,Increase Chiller,0,normal,info,,online,valid,f,20a38aba-4ca4-4556-ac00-8605e6af15e9,1b17a05b-18db-4c6f-80e3-18b47f6cb8c4
2026-07-29 11:21:58.036-07,89.72,25.41,33.58,31.03,1.030,92.06,59.28,0.1200,7.03,Reduce AHU,1,outlier,warning,,online,valid,t,8378261d-6cf6-4e0e-a0ad-f2e9974cc583,1b17a05b-18db-4c6f-80e3-18b47f6cb8c4
2026-07-29 11:21:58.092-07,75.37,22.92,28.01,22.41,0.840,78.01,43.05,0.0900,1.59,Boost All,3,normal,info,,online,valid,f,83abfc26-6813-4c54-85af-747b3aac7597,1b17a05b-18db-4c6f-80e3-18b47f6cb8c4
2026-07-29 11:21:58.149-07,83.75,29.12,37.83,23.10,0.390,13.84,27.30,0.0500,0.90,Increase Chiller,0,cooling_failure,critical,chiller_loop,degraded,valid,t,7b3035ff-acc5-4eb5-920f-12251895c74e,1b17a05b-18db-4c6f-80e3-18b47f6cb8c4
2026-07-29 11:21:58.206-07,26.88,17.65,20.37,21.12,0.350,20.00,38.15,0.0400,2.88,Maintain,2,normal,info,,online,valid,f,91bd662b-6bf2-426d-b94a-d5ed9994019f,1b17a05b-18db-4c6f-80e3-18b47f6cb8c4
2026-07-29 11:21:58.263-07,46.89,19.00,24.51,23.86,0.660,51.53,48.83,0.0900,0.14,Increase Chiller,0,normal,info,,online,valid,f,02238718-ec52-44a7-88e2-311779e387c7,1b17a05b-18db-4c6f-80e3-18b47f6cb8c4
2026-07-29 11:21:58.316-07,53.22,20.98,26.43,19.88,0.700,60.78,43.43,0.1000,4.12,Eco Mode,4,normal,info,,online,valid,f,60ad20a5-83ee-432e-a46b-219b237af9a8,1b17a05b-18db-4c6f-80e3-18b47f6cb8c4
2026-07-29 11:21:58.373-07,91.02,23.63,26.76,21.73,0.890,82.22,46.52,0.1100,2.27,Boost All,3,normal,info,,online,valid,f,8bf587c6-25f2-4ae6-899b-64399d7ffc35,1b17a05b-18db-4c6f-80e3-18b47f6cb8c4
2026-07-29 11:21:58.429-07,100.00,24.73,28.47,21.42,0.980,94.21,45.46,0.0900,2.58,Reduce AHU,1,normal,info,,online,valid,f,e57215d0-f8b9-473f-82b0-f55dda31ee3a,1b17a05b-18db-4c6f-80e3-18b47f6cb8c4
2026-07-29 11:21:58.486-07,97.13,24.49,30.36,24.16,0.950,87.43,50.65,0.0800,0.16,Reduce AHU,1,normal,info,,online,valid,f,259f0e7f-bfbd-40cc-9e0d-fb985b47dfde,1b17a05b-18db-4c6f-80e3-18b47f6cb8c4
2026-07-29 11:21:58.54-07,64.09,22.40,28.59,20.14,0.630,54.37,38.43,0.0900,3.86,Increase Chiller,0,normal,info,,online,valid,f,5c4c5db7-465e-4511-a95f-ec96d627a734,1b17a05b-18db-4c6f-80e3-18b47f6cb8c4
2026-07-29 11:21:58.596-07,95.29,26.40,31.29,26.19,0.910,92.58,66.44,0.0900,2.19,Boost All,3,workload_spike,warning,,online,valid,t,aa824c67-cabc-4cb6-83fa-f8ff5df13098,1b17a05b-18db-4c6f-80e3-18b47f6cb8c4
2026-07-29 11:21:58.653-07,64.66,21.51,26.59,31.41,0.920,73.55,66.00,0.1300,7.41,Reduce AHU,1,outlier,warning,,online,valid,t,919404ca-dc31-40ab-8855-4c0b56ee2104,1b17a05b-18db-4c6f-80e3-18b47f6cb8c4
2026-07-29 11:21:58.709-07,76.15,22.52,27.80,19.02,0.770,73.99,36.55,0.1000,4.98,Increase Chiller,0,normal,info,,online,valid,f,750e94fe-74fa-483e-8859-20ffd06f1585,1b17a05b-18db-4c6f-80e3-18b47f6cb8c4
2026-07-29 11:21:58.761-07,49.66,18.13,25.80,23.18,0.710,58.95,47.55,0.0600,0.82,Eco Mode,4,normal,info,,online,valid,f,3e7ec834-9a42-49c8-ad40-e368444f1262,1b17a05b-18db-4c6f-80e3-18b47f6cb8c4
2026-07-29 11:21:58.815-07,75.20,23.09,28.50,30.39,0.850,69.97,58.90,0.1200,6.39,Increase Chiller,0,normal,info,,online,valid,f,647c38b9-cd8b-4f69-bf00-f6c70617d8a4,1b17a05b-18db-4c6f-80e3-18b47f6cb8c4
2026-07-29 11:21:58.868-07,54.08,20.52,25.53,21.33,0.690,62.67,38.42,0.0900,2.67,Maintain,2,normal,info,,online,valid,f,847f1134-a1dd-450a-b3b0-47adedce5d4d,1b17a05b-18db-4c6f-80e3-18b47f6cb8c4
2026-07-29 11:21:58.925-07,94.22,26.78,33.77,26.53,0.990,88.04,66.91,0.1000,2.53,Boost All,3,workload_spike,warning,,online,valid,t,c0019547-b154-4c5e-b090-0886f9ec2f66,1b17a05b-18db-4c6f-80e3-18b47f6cb8c4
2026-07-29 11:21:58.982-07,76.52,22.49,26.65,24.81,0.850,77.98,45.63,0.0900,0.81,Eco Mode,4,normal,info,,online,valid,f,df65acca-e534-4006-a830-d94bf8b954f7,1b17a05b-18db-4c6f-80e3-18b47f6cb8c4
2026-07-29 11:21:59.036-07,67.82,20.39,23.57,27.29,0.880,74.18,57.81,0.0700,3.29,Eco Mode,4,normal,info,,online,valid,f,a512d94e-336a-4763-af2e-e815859996fd,1b17a05b-18db-4c6f-80e3-18b47f6cb8c4
2026-07-29 11:21:59.092-07,83.89,21.59,26.96,20.01,0.860,80.62,43.32,0.0800,3.99,Maintain,2,normal,info,,online,valid,f,a2c7d474-9d59-418f-9424-484fd513d9ba,1b17a05b-18db-4c6f-80e3-18b47f6cb8c4
2026-07-29 11:21:59.149-07,60.64,22.31,25.20,23.17,0.760,66.10,46.09,0.1000,0.83,Eco Mode,4,normal,info,,online,valid,f,d289ceef-c7fc-4983-aa69-7bde3a7952ba,1b17a05b-18db-4c6f-80e3-18b47f6cb8c4
2026-07-29 11:21:59.205-07,62.92,22.40,25.97,18.00,0.730,70.23,34.12,0.0900,6.00,Increase Chiller,0,normal,info,,online,valid,f,6293e70e-4d26-48e0-9c05-b65e19924c6a,1b17a05b-18db-4c6f-80e3-18b47f6cb8c4
2026-07-29 11:21:59.262-07,67.28,22.77,28.29,21.91,0.770,66.22,48.21,0.1000,2.09,Eco Mode,4,normal,info,,online,valid,f,814c1655-1207-447c-ac86-da0c6cf5a66d,1b17a05b-18db-4c6f-80e3-18b47f6cb8c4
2026-07-29 11:21:59.318-07,94.98,28.03,35.75,26.46,0.350,14.94,38.00,0.0400,2.46,Increase Chiller,0,cooling_failure,critical,chiller_loop,degraded,valid,t,00461aed-05da-4349-97e3-55305f757ebc,1b17a05b-18db-4c6f-80e3-18b47f6cb8c4
2026-07-29 11:21:59.374-07,68.13,21.68,21.68,23.70,0.750,62.24,51.11,0.0900,0.30,Eco Mode,4,normal,info,,online,valid,f,6094a28d-0f68-4094-810a-d05954005ddc,1b17a05b-18db-4c6f-80e3-18b47f6cb8c4
2026-07-29 11:21:59.429-07,100.00,25.64,28.24,21.74,1.020,100.00,44.68,0.1500,2.26,Eco Mode,4,outlier,warning,,online,valid,t,4bedd33d-6ab0-463c-a86b-be0cd1e8fc68,1b17a05b-18db-4c6f-80e3-18b47f6cb8c4
2026-07-29 11:21:59.485-07,92.55,26.01,33.68,23.28,0.900,86.26,42.83,0.0800,0.72,Increase Chiller,0,normal,info,,online,valid,f,8291c6b1-9985-49b1-b573-a9ab45532c39,1b17a05b-18db-4c6f-80e3-18b47f6cb8c4
2026-07-29 11:21:59.54-07,64.47,21.37,24.45,26.41,0.860,74.04,53.11,0.1000,2.41,Eco Mode,4,normal,info,,online,valid,f,2162d169-3ad6-42b3-9ec9-8b93ad2efd21,1b17a05b-18db-4c6f-80e3-18b47f6cb8c4
2026-07-29 11:21:59.593-07,44.96,21.31,27.95,24.47,0.630,46.14,51.34,0.0600,0.47,Reduce AHU,1,normal,info,,online,valid,f,0eb3d533-683f-4417-a27d-de3ed51395ec,1b17a05b-18db-4c6f-80e3-18b47f6cb8c4
2026-07-29 11:21:59.65-07,82.03,24.06,31.52,22.78,0.890,83.38,44.52,0.1000,1.22,Eco Mode,4,normal,info,,online,valid,f,883131cc-dfc9-4f62-8c1d-2cd3cfd74add,1b17a05b-18db-4c6f-80e3-18b47f6cb8c4
2026-07-29 11:21:59.707-07,51.04,19.24,24.84,26.76,0.650,47.16,54.63,0.0900,2.76,Reduce AHU,1,normal,info,,online,valid,f,296fd9b9-432e-4eb2-acd6-5cc8db9f78bf,1b17a05b-18db-4c6f-80e3-18b47f6cb8c4
2026-07-29 11:21:59.762-07,100.00,25.31,31.40,23.01,1.030,100.00,46.45,0.1500,0.99,Boost All,3,outlier,warning,,online,valid,t,9a372add-961f-446d-b8d3-abf5319919fe,1b17a05b-18db-4c6f-80e3-18b47f6cb8c4
2026-07-29 11:21:59.817-07,32.94,17.61,21.08,25.07,0.460,23.57,53.50,0.0600,1.07,Eco Mode,4,normal,info,,online,valid,f,33867c32-9a4c-4bf4-8fda-5f3725a32021,1b17a05b-18db-4c6f-80e3-18b47f6cb8c4
2026-07-29 11:21:59.869-07,90.91,25.50,29.16,21.08,0.900,88.63,38.19,0.0800,2.92,Maintain,2,normal,info,,online,valid,f,a04c2a14-53ea-4647-8a85-4c0522f28cf4,1b17a05b-18db-4c6f-80e3-18b47f6cb8c4
2026-07-29 11:21:59.926-07,94.23,26.88,32.96,23.15,1.100,99.32,60.63,0.1100,0.85,Boost All,3,workload_spike,warning,,online,valid,t,68d75806-2cfd-43ec-a232-e4e369ecbf20,1b17a05b-18db-4c6f-80e3-18b47f6cb8c4
2026-07-29 11:21:59.981-07,53.38,19.55,24.52,21.72,0.620,51.53,41.10,0.0700,2.28,Increase Chiller,0,normal,info,,online,valid,f,a7b80fe1-19e5-4a6c-9b3d-5665b37fedbd,1b17a05b-18db-4c6f-80e3-18b47f6cb8c4
2026-07-29 11:22:00.034-07,59.12,22.08,28.37,24.00,0.710,58.03,48.52,0.1000,0.00,Boost All,3,normal,info,,online,valid,f,4bdbffb3-233f-4269-8c61-bd6e46f46871,1b17a05b-18db-4c6f-80e3-18b47f6cb8c4
2026-07-29 11:22:00.089-07,86.07,22.58,26.64,21.65,0.850,76.59,46.47,0.1200,2.35,Eco Mode,4,normal,info,,online,valid,f,a582c4f8-a3cc-4c7e-ba66-4bbd7bab4cbb,1b17a05b-18db-4c6f-80e3-18b47f6cb8c4
2026-07-29 11:22:00.146-07,81.83,24.36,29.78,25.27,0.930,83.08,53.90,0.0900,1.27,Increase Chiller,0,normal,info,,online,valid,f,f5f8f721-5dc3-42d1-adf2-8aca6194036f,1b17a05b-18db-4c6f-80e3-18b47f6cb8c4
2026-07-29 11:22:00.203-07,67.61,21.91,25.97,26.83,0.860,72.57,55.87,0.1200,2.83,Reduce AHU,1,normal,info,,online,valid,f,6df63fb3-623a-49e2-a4c5-52c74f3c2b6b,1b17a05b-18db-4c6f-80e3-18b47f6cb8c4
2026-07-29 11:22:00.259-07,46.80,21.11,25.76,23.04,0.580,43.34,45.96,0.0900,0.96,Boost All,3,normal,info,,online,valid,f,6e354826-0c95-4b7a-be00-71876b03ae42,1b17a05b-18db-4c6f-80e3-18b47f6cb8c4
2026-07-29 11:22:00.315-07,60.83,21.55,27.15,25.83,0.740,61.77,48.94,0.1100,1.83,Maintain,2,normal,info,,online,valid,f,26fe3fa1-5c21-4ec4-adb0-2bb5c9ece93d,1b17a05b-18db-4c6f-80e3-18b47f6cb8c4
2026-07-29 11:22:00.367-07,34.60,20.45,26.09,24.05,0.560,42.30,43.43,0.0700,0.05,Eco Mode,4,normal,info,,online,valid,f,2d1cb88b-18dc-4989-b9e1-a218fabaebc1,1b17a05b-18db-4c6f-80e3-18b47f6cb8c4
2026-07-29 11:22:00.423-07,54.81,20.57,23.25,19.40,0.580,46.93,41.15,0.0800,4.60,Reduce AHU,1,normal,info,,online,valid,f,fbcac1e1-157e-4aa2-87a5-3d29b338ce1d,1b17a05b-18db-4c6f-80e3-18b47f6cb8c4
2026-07-29 11:22:00.476-07,78.19,20.79,27.95,21.69,0.890,84.33,43.75,0.0700,2.31,Maintain,2,normal,info,,online,valid,f,c025f742-4817-4676-8b53-7704c89f06a3,1b17a05b-18db-4c6f-80e3-18b47f6cb8c4
2026-07-29 11:22:00.534-07,98.23,23.97,29.22,30.95,1.100,100.00,59.11,0.1100,6.95,Reduce AHU,1,outlier,warning,,online,valid,t,20b2242c-f184-4a7d-9c4b-de57c5fd9823,1b17a05b-18db-4c6f-80e3-18b47f6cb8c4
2026-07-29 11:22:00.589-07,83.35,21.37,24.45,25.28,0.860,73.86,54.18,0.1300,1.28,Maintain,2,normal,info,,online,valid,f,f22675fc-8608-4920-b61f-594d1b164b01,1b17a05b-18db-4c6f-80e3-18b47f6cb8c4
2026-07-29 11:22:00.646-07,73.61,21.76,24.73,19.28,0.690,64.76,34.43,0.0600,4.72,Increase Chiller,0,normal,info,,online,valid,f,6128ddbf-7017-4591-bddb-77976551127c,1b17a05b-18db-4c6f-80e3-18b47f6cb8c4
2026-07-29 11:22:00.702-07,71.00,21.81,24.87,22.14,0.740,64.44,44.18,0.0900,1.86,Reduce AHU,1,normal,info,,online,valid,f,357a0982-cd67-4711-a0f5-58a82219277d,1b17a05b-18db-4c6f-80e3-18b47f6cb8c4
2026-07-29 11:22:00.759-07,81.04,24.76,29.36,24.20,0.900,79.71,51.59,0.1000,0.20,Maintain,2,normal,info,,online,valid,f,b843728c-3ff9-4f85-9a48-0e26f482ed3b,1b17a05b-18db-4c6f-80e3-18b47f6cb8c4
2026-07-29 11:22:00.816-07,99.34,26.83,32.67,21.06,1.070,86.42,58.79,0.1100,2.94,Boost All,3,workload_spike,warning,,online,valid,t,1dd79dda-ec84-40a4-ab25-ca6dcf2db06d,1b17a05b-18db-4c6f-80e3-18b47f6cb8c4
2026-07-29 11:22:00.873-07,60.85,20.39,26.85,22.72,0.730,64.66,42.53,0.0700,1.28,Increase Chiller,0,normal,info,,online,valid,f,91581cba-edd7-45bf-ba45-a6c93ca6e125,1b17a05b-18db-4c6f-80e3-18b47f6cb8c4
2026-07-29 11:22:00.93-07,44.66,19.85,23.52,30.37,0.680,46.02,62.36,0.0800,6.37,Boost All,3,normal,info,,online,valid,f,4424f4ed-8ac4-4c92-9add-5d2c6d92667e,1b17a05b-18db-4c6f-80e3-18b47f6cb8c4
2026-07-29 11:22:00.986-07,78.83,22.26,27.37,27.30,0.910,81.36,51.28,0.0800,3.30,Boost All,3,normal,info,,online,valid,f,bdb6aea0-b8b6-4fca-a8de-c335106d0feb,1b17a05b-18db-4c6f-80e3-18b47f6cb8c4
2026-07-29 11:22:01.041-07,37.59,17.85,18.05,25.47,0.530,32.92,53.24,0.0500,1.47,Eco Mode,4,outlier,warning,,online,valid,t,9b1bc842-01b0-43a2-9281-3f631f0e44f3,1b17a05b-18db-4c6f-80e3-18b47f6cb8c4
2026-07-29 11:22:01.097-07,63.22,21.23,25.88,22.97,0.680,56.71,45.97,0.0900,1.03,Boost All,3,normal,info,,online,valid,f,7205f5e2-72c2-46c3-ba1e-46a43c3eac34,1b17a05b-18db-4c6f-80e3-18b47f6cb8c4
2026-07-29 11:22:01.154-07,59.03,21.82,23.97,25.46,0.670,49.15,55.73,0.0900,1.46,Boost All,3,normal,info,,online,valid,f,1b158d40-1fe7-4f88-a240-d3774b97f7c1,1b17a05b-18db-4c6f-80e3-18b47f6cb8c4
2026-07-29 11:22:01.208-07,49.72,20.69,26.95,24.19,0.620,49.05,44.86,0.0800,0.19,Increase Chiller,0,normal,info,,online,valid,f,c179fdba-b33b-407e-bc2d-fb69e177e0de,1b17a05b-18db-4c6f-80e3-18b47f6cb8c4
2026-07-29 11:22:01.263-07,81.85,23.08,27.52,22.94,0.860,78.07,47.11,0.0700,1.06,Increase Chiller,0,normal,info,,online,valid,f,ae40cbb0-0277-4903-b692-2e204eb1ce83,1b17a05b-18db-4c6f-80e3-18b47f6cb8c4
2026-07-29 11:22:01.32-07,89.01,21.96,26.52,25.66,0.890,79.69,50.13,0.0900,1.66,Eco Mode,4,normal,info,,online,valid,f,aba70e09-7d30-496f-9b6b-0189a786e78c,1b17a05b-18db-4c6f-80e3-18b47f6cb8c4
2026-07-29 11:22:01.376-07,60.56,21.30,28.48,23.51,0.660,56.04,42.05,0.0800,0.49,Increase Chiller,0,normal,info,,online,valid,f,9f2f8e3b-f44e-4c0d-a080-f871c17e0a2b,1b17a05b-18db-4c6f-80e3-18b47f6cb8c4
2026-07-29 11:22:01.431-07,35.88,17.21,24.68,24.30,0.570,41.73,48.22,0.0500,0.30,Boost All,3,normal,info,,online,valid,f,f74acd96-2fdb-46e3-af89-f9f69a13b03a,1b17a05b-18db-4c6f-80e3-18b47f6cb8c4
2026-07-29 11:22:01.483-07,100.00,24.68,33.42,22.39,0.980,96.19,41.90,0.0800,1.61,Eco Mode,4,normal,info,,online,valid,f,6676640d-b33f-4243-9767-1508e43cb4a4,1b17a05b-18db-4c6f-80e3-18b47f6cb8c4
2026-07-29 11:22:01.535-07,61.14,22.64,27.51,28.01,0.680,51.36,53.63,0.0800,4.01,Reduce AHU,1,normal,info,,online,valid,f,3a42e830-bbd5-4810-a7ee-20d6b6afbdef,1b17a05b-18db-4c6f-80e3-18b47f6cb8c4
2026-07-29 11:22:01.589-07,77.19,21.22,31.18,27.51,0.800,68.15,50.28,0.0900,3.51,Boost All,3,normal,info,,online,valid,f,c3292fab-9dd3-4dc7-9870-cd63bea3e482,1b17a05b-18db-4c6f-80e3-18b47f6cb8c4
2026-07-29 11:22:01.646-07,53.50,20.95,29.47,22.00,0.580,43.85,45.13,0.0600,2.00,Eco Mode,4,normal,info,,online,valid,f,e16a5a8a-edad-40ab-981c-e3e5fd317c3b,1b17a05b-18db-4c6f-80e3-18b47f6cb8c4
2026-07-29 11:22:01.7-07,83.74,22.55,28.46,22.50,0.940,91.81,41.88,0.1100,1.50,Eco Mode,4,normal,info,,online,valid,f,dd3015d9-9471-48de-a95f-f5a2a1920838,1b17a05b-18db-4c6f-80e3-18b47f6cb8c4
2026-07-29 11:22:01.756-07,78.81,22.39,28.39,23.51,0.820,75.50,43.27,0.1100,0.49,Reduce AHU,1,normal,info,,online,valid,f,950cb17d-d677-4012-a9f2-7f24cc42e227,1b17a05b-18db-4c6f-80e3-18b47f6cb8c4
2026-07-29 11:22:01.809-07,19.44,17.19,18.13,25.95,0.450,23.99,50.62,0.0500,1.95,Increase Chiller,0,outlier,warning,,online,valid,t,229615c1-8aef-4546-98e9-8d092fc17515,1b17a05b-18db-4c6f-80e3-18b47f6cb8c4
2026-07-29 11:22:01.866-07,95.02,25.02,31.47,27.01,0.990,92.36,59.79,0.1000,3.01,Boost All,3,workload_spike,warning,,online,valid,t,da51e617-6fa5-4516-909b-7c6bac310945,1b17a05b-18db-4c6f-80e3-18b47f6cb8c4
2026-07-29 11:22:01.923-07,79.37,21.62,26.67,21.71,0.930,86.70,46.59,0.1000,2.29,Increase Chiller,0,normal,info,,online,valid,f,907d8a0a-13ff-4cdf-bea1-40a88a5eb833,1b17a05b-18db-4c6f-80e3-18b47f6cb8c4
2026-07-29 11:22:01.977-07,58.51,19.69,20.74,23.16,0.630,53.09,41.49,0.0900,0.84,Eco Mode,4,normal,info,,online,valid,f,7158f5ac-be2e-4dc7-8130-64b0b8932232,1b17a05b-18db-4c6f-80e3-18b47f6cb8c4
2026-07-29 11:22:02.032-07,98.25,24.54,29.70,23.52,1.040,100.00,47.38,0.1000,0.48,Maintain,2,normal,info,,online,valid,f,afcbaf3a-921f-4a6c-b937-c3a3421b4dca,1b17a05b-18db-4c6f-80e3-18b47f6cb8c4
2026-07-29 11:22:02.088-07,61.69,21.44,26.71,22.33,0.710,57.50,49.43,0.0800,1.67,Boost All,3,normal,info,,online,valid,f,90045225-82fa-4873-bc47-0a0cda9bb813,1b17a05b-18db-4c6f-80e3-18b47f6cb8c4
2026-07-29 11:22:02.143-07,54.35,20.49,25.90,18.00,0.610,56.00,32.20,0.0800,6.00,Boost All,3,normal,info,,online,valid,f,555edb80-a8a0-402d-bdaa-dc5a0dad23dd,1b17a05b-18db-4c6f-80e3-18b47f6cb8c4
2026-07-29 11:22:02.199-07,18.82,17.03,24.02,29.45,0.460,20.00,59.74,0.0400,5.45,Maintain,2,normal,info,,online,valid,f,adf88e67-58f0-4e75-82eb-93be5e140198,1b17a05b-18db-4c6f-80e3-18b47f6cb8c4
2026-07-29 11:22:02.254-07,66.73,22.65,28.54,26.78,0.750,62.32,49.90,0.0700,2.78,Increase Chiller,0,normal,info,,online,valid,f,e6075430-c5df-4342-992b-9f5d33cd667a,1b17a05b-18db-4c6f-80e3-18b47f6cb8c4
2026-07-29 11:22:02.308-07,64.05,19.06,20.61,26.80,0.840,69.39,57.59,0.0900,2.80,Reduce AHU,1,normal,info,,online,valid,f,a7f88f2f-94b8-45cd-95d4-29c144c03de8,1b17a05b-18db-4c6f-80e3-18b47f6cb8c4
2026-07-29 11:22:02.364-07,62.34,22.77,27.68,23.67,0.740,62.28,48.14,0.1100,0.33,Eco Mode,4,normal,info,,online,valid,f,6cdc198b-b9ef-4c3f-b1a6-1499132c5927,1b17a05b-18db-4c6f-80e3-18b47f6cb8c4
2026-07-29 11:22:02.417-07,58.59,19.84,23.88,27.94,0.720,52.20,59.71,0.0600,3.94,Boost All,3,normal,info,,online,valid,f,4409b36f-1e33-4443-8b39-422aa8044f96,1b17a05b-18db-4c6f-80e3-18b47f6cb8c4
2026-07-29 11:22:02.474-07,81.60,22.66,29.61,20.91,0.800,76.60,38.31,0.0800,3.09,Eco Mode,4,normal,info,,online,valid,f,a980880e-ff1e-4a53-a187-9276be676ca4,1b17a05b-18db-4c6f-80e3-18b47f6cb8c4
2026-07-29 11:22:02.531-07,76.62,21.78,25.16,25.01,0.790,68.22,49.07,0.0800,1.01,Maintain,2,normal,info,,online,valid,f,b75a1ac6-24f3-4f85-be05-90e18982650b,1b17a05b-18db-4c6f-80e3-18b47f6cb8c4
2026-07-29 11:22:02.586-07,14.53,15.97,19.50,21.06,0.350,20.00,37.53,0.0300,2.94,Increase Chiller,0,normal,info,,online,valid,f,82ec5d6a-a12d-4256-be82-8076120a77d8,1b17a05b-18db-4c6f-80e3-18b47f6cb8c4
2026-07-29 11:22:02.639-07,34.34,19.69,25.78,26.93,0.500,31.66,49.35,0.0600,2.93,Maintain,2,normal,info,,online,valid,f,60158af2-2f10-4f4a-bcb9-c65da8a7a1d6,1b17a05b-18db-4c6f-80e3-18b47f6cb8c4
2026-07-29 11:22:02.693-07,36.00,19.22,27.01,26.76,0.630,42.30,57.47,0.0800,2.76,Reduce AHU,1,normal,info,,online,valid,f,c01647b9-92dc-4680-b1f5-6fb5ed6f247d,1b17a05b-18db-4c6f-80e3-18b47f6cb8c4
2026-07-29 11:22:02.751-07,60.68,19.70,25.13,34.26,0.740,51.23,65.41,0.0800,10.26,Increase Chiller,0,outlier,warning,,online,valid,t,0e2cb53a-5109-4932-9447-7cb27799d930,1b17a05b-18db-4c6f-80e3-18b47f6cb8c4
2026-07-29 11:22:02.807-07,60.93,22.52,26.43,26.11,0.680,55.23,48.45,0.0700,2.11,Eco Mode,4,normal,info,,online,valid,f,eb14ec93-b85e-4816-af6a-980fd9111baa,1b17a05b-18db-4c6f-80e3-18b47f6cb8c4
2026-07-29 11:22:02.864-07,87.92,24.29,31.05,23.88,1.020,97.16,48.01,0.1300,0.12,Maintain,2,normal,info,,online,valid,f,2bd6ca1f-f376-4768-a2bd-6cdd5840d476,1b17a05b-18db-4c6f-80e3-18b47f6cb8c4
2026-07-29 11:22:02.921-07,57.97,19.95,21.62,24.87,0.720,59.44,49.60,0.0600,0.87,Increase Chiller,0,normal,info,,online,valid,f,b3db6f75-9c18-473c-a8e5-cf83727b9866,1b17a05b-18db-4c6f-80e3-18b47f6cb8c4
2026-07-29 11:22:02.975-07,97.50,26.04,31.43,24.05,0.910,96.34,64.44,0.0900,0.05,Boost All,3,workload_spike,warning,,online,valid,t,47fcc24a-28dd-4a0d-911d-5894b3db32ba,1b17a05b-18db-4c6f-80e3-18b47f6cb8c4
2026-07-29 11:22:03.028-07,78.31,24.20,28.84,22.97,0.880,81.58,46.01,0.0800,1.03,Maintain,2,normal,info,,online,valid,f,f2a56144-4c23-4686-b278-c5d9937362a7,1b17a05b-18db-4c6f-80e3-18b47f6cb8c4
2026-07-29 11:22:03.084-07,77.13,23.27,27.34,24.75,0.820,73.90,45.27,0.0900,0.75,Increase Chiller,0,normal,info,,online,valid,f,c668c1f0-38cf-4411-9ce6-7b5b636c5f20,1b17a05b-18db-4c6f-80e3-18b47f6cb8c4
2026-07-29 11:22:03.141-07,70.51,22.75,25.43,26.51,0.780,64.55,53.08,0.0700,2.51,Boost All,3,normal,info,,online,valid,f,a1028392-8c0d-4d69-8f69-3b0d82561cdb,1b17a05b-18db-4c6f-80e3-18b47f6cb8c4
2026-07-29 11:22:03.192-07,51.94,19.23,22.30,28.53,0.700,51.23,58.96,0.0700,4.53,Eco Mode,4,normal,info,,online,valid,f,9bad2f4f-c94e-42d4-aced-5fa6b91a97dc,1b17a05b-18db-4c6f-80e3-18b47f6cb8c4
2026-07-29 11:22:03.248-07,96.32,24.75,31.75,27.99,0.960,88.21,51.30,0.0800,3.99,Boost All,3,normal,info,,online,valid,f,173d919c-c57f-436e-a959-d16a4e842351,1b17a05b-18db-4c6f-80e3-18b47f6cb8c4
2026-07-29 11:22:03.304-07,35.31,17.27,20.46,26.54,0.490,30.05,49.38,0.0600,2.54,Increase Chiller,0,normal,info,,online,valid,f,3385027a-8e4b-4131-b2e5-57cbd385a2fc,1b17a05b-18db-4c6f-80e3-18b47f6cb8c4
2026-07-29 11:22:03.359-07,23.76,16.67,20.30,21.63,0.380,20.00,43.50,0.0300,2.37,Boost All,3,normal,info,,online,valid,f,0b0fad9e-909e-4c1c-9b18-2e83076e8349,1b17a05b-18db-4c6f-80e3-18b47f6cb8c4
2026-07-29 11:22:03.416-07,84.69,24.86,30.88,24.38,0.940,84.96,51.17,0.1000,0.38,Maintain,2,normal,info,,online,valid,f,bd76bad0-4f56-43f4-9a7d-c309ea6cb78c,1b17a05b-18db-4c6f-80e3-18b47f6cb8c4
2026-07-29 11:22:03.472-07,67.32,20.86,28.03,18.80,0.750,72.23,35.01,0.0600,5.20,Boost All,3,normal,info,,online,valid,f,467378d8-8117-46e1-80bd-21d0e11dde1b,1b17a05b-18db-4c6f-80e3-18b47f6cb8c4
2026-07-29 11:22:03.528-07,71.08,23.85,31.07,22.30,0.730,65.12,42.28,0.0700,1.70,Reduce AHU,1,normal,info,,online,valid,f,a870565c-4329-40f7-b75f-02d7affaf14c,1b17a05b-18db-4c6f-80e3-18b47f6cb8c4
2026-07-29 11:22:03.585-07,64.58,20.87,28.75,24.99,0.780,63.70,53.78,0.0700,0.99,Boost All,3,normal,info,,online,valid,f,7debaf8a-58ff-4451-91c7-1665fadd410c,1b17a05b-18db-4c6f-80e3-18b47f6cb8c4
2026-07-29 11:22:03.641-07,73.71,21.49,27.65,25.52,0.860,77.40,47.72,0.0900,1.52,Increase Chiller,0,normal,info,,online,valid,f,e12bd4ed-d942-4dcd-b5e0-745aa3071a79,1b17a05b-18db-4c6f-80e3-18b47f6cb8c4
2026-07-29 11:22:03.696-07,41.73,18.49,23.25,24.65,0.650,47.86,52.96,0.0900,0.65,Increase Chiller,0,normal,info,,online,valid,f,73139abb-4368-4f9c-9384-b4b6606d9d35,1b17a05b-18db-4c6f-80e3-18b47f6cb8c4
2026-07-29 11:22:03.752-07,85.31,23.20,27.54,24.66,0.880,76.97,52.18,0.0900,0.66,Boost All,3,normal,info,,online,valid,f,f083ffab-73f7-494b-97eb-669a001d52b9,1b17a05b-18db-4c6f-80e3-18b47f6cb8c4
2026-07-29 11:22:03.808-07,100.00,24.11,29.04,24.43,1.000,96.11,46.37,0.1300,0.43,Maintain,2,normal,info,,online,valid,f,17234684-394d-4eb2-ac94-babb53f3b910,1b17a05b-18db-4c6f-80e3-18b47f6cb8c4
2026-07-29 11:22:03.864-07,82.62,30.08,39.03,22.54,0.400,19.01,30.14,0.0500,1.46,Increase Chiller,0,cooling_failure,critical,chiller_loop,degraded,valid,t,8779b14e-f811-42c0-aa59-6bb9b44d226e,1b17a05b-18db-4c6f-80e3-18b47f6cb8c4
2026-07-29 11:22:03.92-07,87.65,23.66,28.62,28.27,0.920,79.37,57.14,0.1000,4.27,Boost All,3,normal,info,,online,valid,f,048d231b-9176-4cb5-b20a-ebaa3f77ee32,1b17a05b-18db-4c6f-80e3-18b47f6cb8c4
2026-07-29 11:22:03.977-07,55.01,20.20,24.29,26.38,0.640,48.20,51.46,0.0500,2.38,Eco Mode,4,normal,info,,online,valid,f,4450fbb4-9de5-4e44-8383-ed3162c29959,1b17a05b-18db-4c6f-80e3-18b47f6cb8c4
2026-07-29 11:22:04.034-07,49.52,19.06,25.19,18.00,0.560,47.76,36.08,0.0500,6.00,Increase Chiller,0,normal,info,,online,valid,f,6ce38e41-1058-4dcd-816b-450d8b896fe4,1b17a05b-18db-4c6f-80e3-18b47f6cb8c4
2026-07-29 11:22:04.091-07,58.67,19.92,23.38,26.55,0.720,58.76,49.21,0.0600,2.55,Boost All,3,normal,info,,online,valid,f,f2e92bff-0800-4dd9-9bb8-3cb2748522c3,1b17a05b-18db-4c6f-80e3-18b47f6cb8c4
2026-07-29 11:22:04.147-07,88.89,25.74,35.26,27.68,1.050,94.29,59.40,0.0900,3.68,Reduce AHU,1,outlier,warning,,online,valid,t,70beaf0a-5a65-4f3e-a823-fe354ebad597,1b17a05b-18db-4c6f-80e3-18b47f6cb8c4
2026-07-29 11:22:04.205-07,60.67,19.75,23.67,24.87,0.660,53.82,45.16,0.0700,0.87,Increase Chiller,0,normal,info,,online,valid,f,09bab942-2ca5-439f-9bb9-bfebaa79b327,1b17a05b-18db-4c6f-80e3-18b47f6cb8c4
2026-07-29 11:22:04.257-07,85.48,22.26,26.58,24.05,0.970,89.06,51.74,0.0900,0.05,Reduce AHU,1,normal,info,,online,valid,f,3f330f45-7c32-4316-9e40-a002f19b349e,1b17a05b-18db-4c6f-80e3-18b47f6cb8c4
2026-07-29 11:22:04.316-07,80.15,23.12,26.85,24.26,0.850,73.16,53.42,0.0900,0.26,Reduce AHU,1,normal,info,,online,valid,f,94226262-5da5-4feb-a337-d8b7a075d065,1b17a05b-18db-4c6f-80e3-18b47f6cb8c4
2026-07-29 11:22:04.372-07,29.40,16.79,24.05,26.14,0.500,30.68,51.79,0.0500,2.14,Maintain,2,normal,info,,online,valid,f,8145561e-f876-4f87-a234-bdeb8c3ce985,1b17a05b-18db-4c6f-80e3-18b47f6cb8c4
2026-07-29 11:22:04.424-07,75.33,22.99,23.43,28.07,0.940,81.99,56.67,0.1200,4.07,Increase Chiller,0,normal,info,,online,valid,f,55b847a4-9d86-4c68-989e-ef04219515f0,1b17a05b-18db-4c6f-80e3-18b47f6cb8c4
2026-07-29 11:22:04.48-07,72.38,24.09,27.18,22.78,0.770,66.48,47.97,0.0900,1.22,Increase Chiller,0,normal,info,,online,valid,f,1decaa7f-1828-48b2-9bd8-9e1ac6396caf,1b17a05b-18db-4c6f-80e3-18b47f6cb8c4
2026-07-29 11:22:04.536-07,60.76,21.56,25.64,22.68,0.740,62.58,47.94,0.0800,1.32,Maintain,2,normal,info,,online,valid,f,3a8ea7c1-718e-45dd-b750-29fa1093c63a,1b17a05b-18db-4c6f-80e3-18b47f6cb8c4
2026-07-29 11:22:04.59-07,85.31,23.20,27.54,24.66,0.880,76.97,52.18,0.0900,0.66,Boost All,3,normal,info,,online,valid,f,bc9c521b-9802-4b87-a229-e8b809405d39,1b17a05b-18db-4c6f-80e3-18b47f6cb8c4
2026-07-29 11:22:04.647-07,61.86,21.49,29.75,22.37,0.670,55.29,44.82,0.0800,1.63,Boost All,3,normal,info,,online,valid,f,d5d9d9bd-bca3-4961-bfc2-20a28361c2da,1b17a05b-18db-4c6f-80e3-18b47f6cb8c4
2026-07-29 11:22:04.7-07,88.56,24.41,30.63,25.47,0.950,89.65,46.22,0.1300,1.47,Boost All,3,normal,info,,online,valid,f,de47bab2-2f85-43cb-8f41-b366ff8a785f,1b17a05b-18db-4c6f-80e3-18b47f6cb8c4
2026-07-29 11:22:04.756-07,80.22,22.55,27.62,25.86,0.940,85.30,51.72,0.0800,1.86,Increase Chiller,0,normal,info,,online,valid,f,1f29a765-d603-4200-940d-e500aba7e875,1b17a05b-18db-4c6f-80e3-18b47f6cb8c4
2026-07-29 11:22:04.812-07,98.15,26.29,34.18,19.89,0.970,99.14,35.57,0.0900,4.11,Reduce AHU,1,normal,info,,online,valid,f,66838dc5-a8b1-43ce-91ce-85e5f2db10d2,1b17a05b-18db-4c6f-80e3-18b47f6cb8c4
2026-07-29 11:22:04.868-07,85.37,23.93,26.43,25.16,0.980,89.32,52.58,0.1200,1.16,Increase Chiller,0,normal,info,,online,valid,f,59663e6a-9e6d-47c8-be63-4763cf60936f,1b17a05b-18db-4c6f-80e3-18b47f6cb8c4
2026-07-29 11:22:04.923-07,63.70,20.87,24.30,21.25,0.770,66.55,46.52,0.0800,2.75,Eco Mode,4,normal,info,,online,valid,f,3f278322-359d-413c-bfbc-5423827fce7a,1b17a05b-18db-4c6f-80e3-18b47f6cb8c4
2026-07-29 11:22:04.98-07,41.36,18.93,24.90,20.21,0.620,50.11,44.28,0.0800,3.79,Eco Mode,4,normal,info,,online,valid,f,7dbf3e34-c249-48ca-8001-0d6158cea032,1b17a05b-18db-4c6f-80e3-18b47f6cb8c4
2026-07-29 11:22:05.037-07,65.49,21.79,26.39,25.46,0.830,71.75,51.67,0.1200,1.46,Reduce AHU,1,normal,info,,online,valid,f,f59b9cae-e20c-4cb5-9ad3-f7ddbcb0396d,1b17a05b-18db-4c6f-80e3-18b47f6cb8c4
2026-07-29 11:22:05.089-07,100.00,25.69,30.00,18.82,0.910,92.78,34.17,0.1300,5.18,Maintain,2,normal,info,,online,valid,f,baea0c5f-decf-4499-bd17-cb4598f84663,1b17a05b-18db-4c6f-80e3-18b47f6cb8c4
2026-07-29 11:22:05.142-07,97.24,26.36,32.33,18.00,1.060,99.02,65.55,0.1100,6.00,Boost All,3,workload_spike,warning,,online,valid,t,00b66fc0-bdb0-41c6-a606-c4814a892227,1b17a05b-18db-4c6f-80e3-18b47f6cb8c4
2026-07-29 11:22:05.2-07,93.36,23.66,30.39,19.77,1.000,100.00,39.24,0.1500,4.23,Increase Chiller,0,outlier,warning,,online,valid,t,f6aff30a-eb1f-4be3-8811-0dfd8c710fdc,1b17a05b-18db-4c6f-80e3-18b47f6cb8c4
2026-07-29 11:22:05.254-07,93.70,23.05,27.84,20.34,0.900,87.17,40.87,0.1200,3.66,Reduce AHU,1,normal,info,,online,valid,f,ef26c617-9b95-40f5-965d-e083496bde4a,1b17a05b-18db-4c6f-80e3-18b47f6cb8c4
2026-07-29 11:22:05.308-07,47.66,19.55,24.36,20.30,0.650,55.75,40.82,0.0500,3.70,Maintain,2,normal,info,,online,valid,f,63160437-a0b1-4572-84e4-17d37fc00668,1b17a05b-18db-4c6f-80e3-18b47f6cb8c4
2026-07-29 11:22:05.366-07,50.41,20.29,27.54,31.79,0.770,54.32,67.16,0.0900,7.79,Maintain,2,outlier,warning,,online,valid,t,01b0eea8-f5c2-4636-b29b-73581e765931,1b17a05b-18db-4c6f-80e3-18b47f6cb8c4
2026-07-29 11:22:05.423-07,55.53,21.50,26.09,22.39,0.710,58.20,47.96,0.0900,1.61,Maintain,2,normal,info,,online,valid,f,3b996aca-91fe-4bb8-ba88-ba6253334131,1b17a05b-18db-4c6f-80e3-18b47f6cb8c4
2026-07-29 11:22:05.476-07,52.56,19.39,27.39,19.58,0.590,47.05,42.89,0.0500,4.42,Reduce AHU,1,normal,info,,online,valid,f,b14294ad-047b-4491-8bf9-b7508f230088,1b17a05b-18db-4c6f-80e3-18b47f6cb8c4
2026-07-29 11:22:05.532-07,71.11,22.07,27.55,26.06,0.740,61.30,50.17,0.0700,2.06,Reduce AHU,1,normal,info,,online,valid,f,5d5a942d-3caf-48cd-aa77-9ecd19a5656f,1b17a05b-18db-4c6f-80e3-18b47f6cb8c4
2026-07-29 11:22:05.589-07,34.41,16.87,18.63,24.01,0.590,43.67,47.27,0.0800,0.01,Maintain,2,normal,info,,online,valid,f,b0ccabf1-0ce6-4141-82da-150c6af8f874,1b17a05b-18db-4c6f-80e3-18b47f6cb8c4
2026-07-29 11:22:05.643-07,69.33,99.99,24.99,21.92,0.870,77.97,48.58,0.1100,2.08,Maintain,2,sensor_fault,critical,inlet_temperature_sensor,fault,suspect,t,bb8c22f3-6aa1-422f-8c63-1289d4db58f3,1b17a05b-18db-4c6f-80e3-18b47f6cb8c4
2026-07-29 11:22:05.7-07,34.24,19.94,23.57,28.67,0.550,34.70,53.85,0.0700,4.67,Reduce AHU,1,normal,info,,online,valid,f,f0e77c9e-ebe5-47b1-aec6-82ebb4abafe0,1b17a05b-18db-4c6f-80e3-18b47f6cb8c4
2026-07-29 11:22:05.757-07,72.40,23.53,29.02,20.72,0.760,67.61,42.95,0.1000,3.28,Eco Mode,4,normal,info,,online,valid,f,7cff00d5-1062-4e9b-aee9-f6d970721cda,1b17a05b-18db-4c6f-80e3-18b47f6cb8c4
2026-07-29 11:22:05.811-07,87.97,22.98,31.74,25.86,1.010,94.14,50.59,0.1200,1.86,Reduce AHU,1,normal,info,,online,valid,f,dccb727e-c79c-4f9b-99f0-b995072a1c7a,1b17a05b-18db-4c6f-80e3-18b47f6cb8c4
2026-07-29 11:22:05.863-07,25.48,15.87,18.27,23.52,0.500,33.80,45.96,0.0500,0.48,Eco Mode,4,outlier,warning,,online,valid,t,62de3115-912d-458f-a892-64fe04904929,1b17a05b-18db-4c6f-80e3-18b47f6cb8c4
2026-07-29 11:22:05.916-07,100.00,25.08,32.35,22.40,0.970,94.33,43.72,0.1300,1.60,Eco Mode,4,normal,info,,online,valid,f,b37e6879-89ae-4fe7-93ad-cf905f6ba03f,1b17a05b-18db-4c6f-80e3-18b47f6cb8c4
2026-07-29 11:22:05.971-07,50.63,19.63,24.43,26.62,0.640,45.67,55.23,0.0700,2.62,Eco Mode,4,normal,info,,online,valid,f,fc1aa331-4b79-4b03-9322-7d4eb68113b4,1b17a05b-18db-4c6f-80e3-18b47f6cb8c4
2026-07-29 11:22:06.025-07,97.11,26.60,32.83,24.33,1.090,85.74,61.30,0.1100,0.33,Boost All,3,workload_spike,warning,,online,valid,t,df69a3dc-fa24-4806-84ab-27efbe9cf477,1b17a05b-18db-4c6f-80e3-18b47f6cb8c4
2026-07-29 11:22:06.079-07,64.02,22.06,27.01,30.25,0.760,54.30,64.73,0.0900,6.25,Increase Chiller,0,normal,info,,online,valid,f,90dee83c-8433-428e-959e-dd62ae09a869,1b17a05b-18db-4c6f-80e3-18b47f6cb8c4
2026-07-29 11:22:06.135-07,53.71,20.91,26.29,26.17,0.750,58.99,56.33,0.0700,2.17,Increase Chiller,0,normal,info,,online,valid,f,89d66b76-5d91-4ae4-81b0-39c3cbb9f04b,1b17a05b-18db-4c6f-80e3-18b47f6cb8c4
2026-07-29 11:22:06.19-07,100.00,25.37,30.79,22.55,1.000,100.00,40.54,0.1100,1.45,Reduce AHU,1,normal,info,,online,valid,f,3801075e-383d-4c3a-9a8e-7e3274073ebf,1b17a05b-18db-4c6f-80e3-18b47f6cb8c4
2026-07-29 11:22:06.243-07,55.08,20.32,25.77,25.38,0.770,63.26,52.60,0.0700,1.38,Maintain,2,normal,info,,online,valid,f,01b064a5-23e4-424a-b2e7-647465dc6e96,1b17a05b-18db-4c6f-80e3-18b47f6cb8c4
2026-07-29 11:22:06.301-07,10.83,15.36,20.30,22.50,0.380,20.00,44.65,0.0500,1.50,Increase Chiller,0,outlier,warning,,online,valid,t,2155a15a-7845-4e68-85af-185462ef9501,1b17a05b-18db-4c6f-80e3-18b47f6cb8c4
2026-07-29 11:22:06.356-07,64.62,22.74,25.77,25.61,0.740,61.01,51.01,0.1000,1.61,Boost All,3,normal,info,,online,valid,f,4d1b8372-084d-4e42-b209-d004212ef7fe,1b17a05b-18db-4c6f-80e3-18b47f6cb8c4
2026-07-29 11:22:06.413-07,65.24,20.96,26.92,25.74,0.830,74.90,47.00,0.1100,1.74,Reduce AHU,1,normal,info,,online,valid,f,c0a95521-7542-4beb-9fc1-9533c5d2073f,1b17a05b-18db-4c6f-80e3-18b47f6cb8c4
2026-07-29 11:22:06.467-07,18.26,17.47,21.26,25.86,0.410,20.00,50.58,0.0400,1.86,Maintain,2,normal,info,,online,valid,f,1cba331f-6c43-41b1-88fb-fac304cda986,1b17a05b-18db-4c6f-80e3-18b47f6cb8c4
2026-07-29 11:22:06.523-07,72.90,21.77,25.85,22.54,0.800,71.09,46.61,0.0600,1.46,Boost All,3,normal,info,,online,valid,f,9ddf02c5-1db9-41a5-8db0-a3521c570995,1b17a05b-18db-4c6f-80e3-18b47f6cb8c4
2026-07-29 11:22:06.575-07,96.64,25.98,30.60,20.90,0.940,86.27,64.83,0.0900,3.10,Boost All,3,workload_spike,warning,,online,valid,t,2e47846b-b635-4505-82b7-7d01696210b7,1b17a05b-18db-4c6f-80e3-18b47f6cb8c4
2026-07-29 11:22:06.628-07,57.36,22.02,23.51,19.10,0.740,66.74,42.02,0.0800,4.90,Increase Chiller,0,normal,info,,online,valid,f,d98080ac-c5b6-445e-b1b7-af1240b2769a,1b17a05b-18db-4c6f-80e3-18b47f6cb8c4
2026-07-29 11:22:06.682-07,100.00,25.56,33.93,26.52,1.050,100.00,49.77,0.1000,2.52,Maintain,2,normal,info,,online,valid,f,c9d3ac94-7f81-4f7e-9829-430c4da17bad,1b17a05b-18db-4c6f-80e3-18b47f6cb8c4
2026-07-29 11:22:06.738-07,44.59,18.44,23.49,26.23,0.570,40.32,48.59,0.0500,2.23,Increase Chiller,0,normal,info,,online,valid,f,d44a712e-5f8b-49d2-b6da-28469725c28f,1b17a05b-18db-4c6f-80e3-18b47f6cb8c4
2026-07-29 11:22:06.79-07,48.84,19.84,23.65,21.05,0.540,43.60,38.93,0.0800,2.95,Reduce AHU,1,normal,info,,online,valid,f,5439c6c2-9ff7-4b12-b530-0bbc075081be,1b17a05b-18db-4c6f-80e3-18b47f6cb8c4
2026-07-29 11:22:06.842-07,99.63,27.12,33.09,22.44,1.080,92.57,65.85,0.1100,1.56,Boost All,3,workload_spike,warning,,online,valid,t,f5cef27e-31bb-45a1-bb41-4cc814b222f6,1b17a05b-18db-4c6f-80e3-18b47f6cb8c4
2026-07-29 11:22:06.898-07,68.64,22.79,26.11,26.56,0.830,67.49,57.74,0.1200,2.56,Reduce AHU,1,normal,info,,online,valid,f,6a0e609c-e060-4614-9dab-a62f831db9b5,1b17a05b-18db-4c6f-80e3-18b47f6cb8c4
2026-07-29 11:22:06.955-07,67.58,22.97,28.43,29.57,0.860,67.48,63.21,0.0800,5.57,Increase Chiller,0,normal,info,,online,valid,f,5e2130bd-383c-49eb-b51f-c02a0e269d18,1b17a05b-18db-4c6f-80e3-18b47f6cb8c4
2026-07-29 11:22:07.009-07,40.15,19.03,26.48,21.93,0.560,42.38,43.23,0.0600,2.07,Reduce AHU,1,normal,info,,online,valid,f,851e30b7-0fe1-434b-a1d7-53c0ab57a43d,1b17a05b-18db-4c6f-80e3-18b47f6cb8c4
2026-07-29 11:22:07.066-07,61.51,21.35,23.74,27.79,0.790,64.83,54.95,0.0900,3.79,Maintain,2,normal,info,,online,valid,f,30636209-9657-496c-b476-fc5c711f97cb,1b17a05b-18db-4c6f-80e3-18b47f6cb8c4
2026-07-29 11:22:07.123-07,62.55,21.34,27.52,25.89,0.700,57.02,48.68,0.0800,1.89,Increase Chiller,0,normal,info,,online,valid,f,ab3d32d1-476f-4bbb-a027-0728ddb96652,1b17a05b-18db-4c6f-80e3-18b47f6cb8c4
2026-07-29 11:22:07.18-07,96.40,25.58,26.24,24.63,1.010,95.28,48.68,0.1000,0.63,Maintain,2,normal,info,,online,valid,f,a4c935b6-2a56-43a8-8faf-9661fd6eb5ab,1b17a05b-18db-4c6f-80e3-18b47f6cb8c4
2026-07-29 11:22:07.236-07,56.48,20.65,25.67,28.43,0.680,48.18,58.02,0.0700,4.43,Boost All,3,normal,info,,online,valid,f,cdab90f2-53db-4ccf-8f42-de10082c255c,1b17a05b-18db-4c6f-80e3-18b47f6cb8c4
2026-07-29 11:22:07.289-07,100.00,26.13,30.43,27.81,1.070,98.69,55.53,0.1200,3.81,Eco Mode,4,normal,info,,online,valid,f,70e51f28-a129-46a8-af06-1a89c1b3205d,1b17a05b-18db-4c6f-80e3-18b47f6cb8c4
2026-07-29 11:22:07.345-07,89.68,24.19,29.60,25.79,1.060,97.70,55.68,0.1500,1.79,Reduce AHU,1,outlier,warning,,online,valid,t,12dcf15b-22dc-41ac-8d9a-3b3eb52d0ca0,1b17a05b-18db-4c6f-80e3-18b47f6cb8c4
2026-07-29 11:22:07.398-07,74.92,22.85,29.40,25.08,0.830,74.09,48.15,0.0800,1.08,Increase Chiller,0,normal,info,,online,valid,f,cf581320-cea2-45a1-967a-11edaf717d0e,1b17a05b-18db-4c6f-80e3-18b47f6cb8c4
2026-07-29 11:22:07.453-07,48.83,20.61,27.60,26.95,0.710,57.89,50.33,0.0900,2.95,Eco Mode,4,normal,info,,online,valid,f,0e39a90b-4eb1-4cec-9678-e2f4fb84457a,1b17a05b-18db-4c6f-80e3-18b47f6cb8c4
2026-07-29 11:22:07.507-07,49.64,21.43,22.43,29.03,0.640,44.79,55.40,0.0900,5.03,Reduce AHU,1,normal,info,,online,valid,f,b0177bb1-41cc-4332-9360-de3ac4c9f10a,1b17a05b-18db-4c6f-80e3-18b47f6cb8c4
2026-07-29 11:22:07.56-07,53.22,20.98,26.43,19.88,0.700,60.78,43.43,0.1000,4.12,Eco Mode,4,normal,info,,online,valid,f,2b11e87f-9c71-485a-83b1-7c378ea37d74,1b17a05b-18db-4c6f-80e3-18b47f6cb8c4
2026-07-29 11:22:07.624-07,63.70,21.12,26.04,23.31,0.810,72.36,45.85,0.0900,0.69,Boost All,3,normal,info,,online,valid,f,47ad4fed-ae20-4f61-b634-8e82fbc6ccd8,1b17a05b-18db-4c6f-80e3-18b47f6cb8c4
2026-07-29 11:22:07.681-07,88.93,24.29,27.75,22.30,1.000,98.28,42.58,0.1500,1.70,Eco Mode,4,outlier,warning,,online,valid,t,63e8c353-bdde-48f6-b99f-ea91acdb996b,1b17a05b-18db-4c6f-80e3-18b47f6cb8c4
2026-07-29 11:22:07.738-07,87.27,25.75,28.13,22.44,0.950,90.01,46.45,0.1100,1.56,Increase Chiller,0,normal,info,,online,valid,f,668ecea9-3946-4e25-8664-435eda5e9c10,1b17a05b-18db-4c6f-80e3-18b47f6cb8c4
2026-07-29 11:22:07.79-07,49.20,99.99,25.47,21.55,0.680,56.39,45.56,0.0900,2.45,Reduce AHU,1,sensor_fault,critical,inlet_temperature_sensor,fault,suspect,t,e96ca0da-3b02-4a18-bc7a-e2ab851b62db,1b17a05b-18db-4c6f-80e3-18b47f6cb8c4
2026-07-29 11:22:07.844-07,76.88,99.99,30.79,23.60,0.900,80.88,51.38,0.1000,0.40,Increase Chiller,0,sensor_fault,critical,inlet_temperature_sensor,fault,suspect,t,eb87aa6b-3ffe-4641-b2cc-8725b52d86e1,1b17a05b-18db-4c6f-80e3-18b47f6cb8c4
2026-07-29 11:22:07.901-07,51.99,21.73,25.30,27.70,0.770,58.73,60.15,0.0900,3.70,Eco Mode,4,normal,info,,online,valid,f,7c6653d5-b7f2-4228-a6ec-d874c839285e,1b17a05b-18db-4c6f-80e3-18b47f6cb8c4
2026-07-29 11:22:07.956-07,18.82,17.03,24.02,29.45,0.460,20.00,59.74,0.0400,5.45,Maintain,2,normal,info,,online,valid,f,eaf054a8-f2bb-4cd0-a4ba-cbfd3f1f3157,1b17a05b-18db-4c6f-80e3-18b47f6cb8c4
2026-07-29 11:22:08.01-07,51.95,19.64,26.78,28.72,0.710,50.14,60.92,0.1100,4.72,Eco Mode,4,normal,info,,online,valid,f,0712e439-eca1-4fc5-b7ed-05d61609b649,1b17a05b-18db-4c6f-80e3-18b47f6cb8c4
2026-07-29 11:22:08.067-07,71.27,21.78,24.85,20.51,0.760,69.07,41.12,0.1100,3.49,Reduce AHU,1,normal,info,,online,valid,f,bd2c7e92-0f32-44a8-88a4-84bc451013fd,1b17a05b-18db-4c6f-80e3-18b47f6cb8c4
2026-07-29 11:22:08.124-07,66.92,22.90,26.65,23.05,0.810,75.71,41.34,0.1000,0.95,Maintain,2,normal,info,,online,valid,f,675f5a43-7e44-4d7d-bfd3-9b88e0466a2f,1b17a05b-18db-4c6f-80e3-18b47f6cb8c4
2026-07-29 11:22:08.177-07,93.25,25.29,27.83,21.48,0.950,89.99,45.40,0.0900,2.52,Maintain,2,normal,info,,online,valid,f,29a1b2cf-353b-439f-88e3-7618b8e215da,1b17a05b-18db-4c6f-80e3-18b47f6cb8c4
2026-07-29 11:22:08.234-07,79.64,21.93,27.08,19.90,0.790,76.12,35.31,0.0700,4.10,Eco Mode,4,normal,info,,online,valid,f,ae75f3b2-24df-4427-8c5a-1fe0aaabc407,1b17a05b-18db-4c6f-80e3-18b47f6cb8c4
2026-07-29 11:22:08.288-07,84.54,24.26,27.74,23.10,0.850,78.53,43.90,0.1100,0.90,Eco Mode,4,normal,info,,online,valid,f,b74e5acc-77e8-436e-864d-47d8cd8320d0,1b17a05b-18db-4c6f-80e3-18b47f6cb8c4
2026-07-29 11:22:08.34-07,67.03,19.72,25.68,26.56,0.880,76.83,53.80,0.0900,2.56,Reduce AHU,1,normal,info,,online,valid,f,ffc5d0e1-8d84-4932-84d4-536dcb4f0747,1b17a05b-18db-4c6f-80e3-18b47f6cb8c4
2026-07-29 11:22:08.396-07,50.55,19.72,26.71,28.97,0.600,41.10,54.98,0.0600,4.97,Maintain,2,normal,info,,online,valid,f,49e71798-c988-4317-baf7-7def1b3c46eb,1b17a05b-18db-4c6f-80e3-18b47f6cb8c4
2026-07-29 11:22:08.453-07,68.02,22.27,25.22,20.57,0.670,58.16,41.48,0.1000,3.43,Reduce AHU,1,normal,info,,online,valid,f,01504c52-3e0e-4c7a-8bd4-9535dcfac9e6,1b17a05b-18db-4c6f-80e3-18b47f6cb8c4
2026-07-29 11:22:08.507-07,83.36,29.63,37.02,24.43,0.360,10.96,30.62,0.0400,0.43,Increase Chiller,0,cooling_failure,critical,chiller_loop,degraded,valid,t,fff560bb-35e7-4d29-b5de-22ee8339893d,1b17a05b-18db-4c6f-80e3-18b47f6cb8c4
2026-07-29 11:22:08.563-07,36.27,18.63,19.42,21.63,0.560,41.38,46.66,0.0700,2.37,Boost All,3,normal,info,,online,valid,f,9aecdeac-f720-4b03-94e6-5c2998e2397d,1b17a05b-18db-4c6f-80e3-18b47f6cb8c4
2026-07-29 11:22:08.615-07,97.15,26.02,32.68,22.06,0.980,87.61,68.07,0.1000,1.94,Boost All,3,workload_spike,warning,,online,valid,t,baef5e8d-9dbe-4a24-9bd1-8775fd43545b,1b17a05b-18db-4c6f-80e3-18b47f6cb8c4
2026-07-29 11:22:08.668-07,59.97,22.25,27.72,25.60,0.790,64.96,54.75,0.1100,1.60,Boost All,3,normal,info,,online,valid,f,eef7ba57-d8f9-494a-bacd-1e16e175d7e5,1b17a05b-18db-4c6f-80e3-18b47f6cb8c4
2026-07-29 11:22:08.723-07,18.99,16.21,19.98,25.48,0.420,20.00,51.87,0.0500,1.48,Boost All,3,normal,info,,online,valid,f,4176738c-56ab-427d-97a1-bd61dbe4a0c3,1b17a05b-18db-4c6f-80e3-18b47f6cb8c4
2026-07-29 11:22:08.776-07,83.21,22.76,24.30,25.93,0.870,79.46,47.49,0.0900,1.93,Reduce AHU,1,normal,info,,online,valid,f,cc1466d4-0fd3-4b55-9ae5-ec8fe505f959,1b17a05b-18db-4c6f-80e3-18b47f6cb8c4
2026-07-29 11:22:08.832-07,97.49,22.21,32.08,24.13,0.990,96.12,44.58,0.0900,0.13,Boost All,3,normal,info,,online,valid,f,e18a9e71-ba27-4036-9d1a-eb6f009222e5,1b17a05b-18db-4c6f-80e3-18b47f6cb8c4
2026-07-29 11:22:08.889-07,60.56,21.30,28.48,23.51,0.660,56.04,42.05,0.0800,0.49,Increase Chiller,0,normal,info,,online,valid,f,e42cf04b-c0f7-4c03-80fa-7cdd80dd71e9,1b17a05b-18db-4c6f-80e3-18b47f6cb8c4
2026-07-29 11:22:08.943-07,69.03,20.84,23.91,20.87,0.840,78.93,41.55,0.0700,3.13,Increase Chiller,0,normal,info,,online,valid,f,b09f4834-8e59-4c51-87bc-b7d957b4cbcd,1b17a05b-18db-4c6f-80e3-18b47f6cb8c4
2026-07-29 11:22:08.999-07,94.15,26.06,32.05,20.48,0.970,89.65,66.65,0.1000,3.52,Boost All,3,workload_spike,warning,,online,valid,t,b6154f3d-f064-45d0-81fc-585e51df9a60,1b17a05b-18db-4c6f-80e3-18b47f6cb8c4
2026-07-29 11:22:09.055-07,33.42,19.04,23.95,28.46,0.590,38.05,56.78,0.0600,4.46,Boost All,3,normal,info,,online,valid,f,1c34f020-d226-43ae-b3a0-42364be8753d,1b17a05b-18db-4c6f-80e3-18b47f6cb8c4
2026-07-29 11:22:09.112-07,57.94,20.40,23.35,23.51,0.660,51.21,51.03,0.0600,0.49,Maintain,2,normal,info,,online,valid,f,db5a997f-f02b-4a2b-ad05-cbf2d9fb35d7,1b17a05b-18db-4c6f-80e3-18b47f6cb8c4
2026-07-29 11:22:09.168-07,100.00,27.15,29.55,18.30,0.990,99.68,38.64,0.1300,5.70,Increase Chiller,0,normal,info,,online,valid,f,2b2d4205-ecaa-4b51-9cea-d8244836c88d,1b17a05b-18db-4c6f-80e3-18b47f6cb8c4
2026-07-29 11:22:09.224-07,67.51,21.50,31.34,24.16,0.740,59.81,52.65,0.0600,0.16,Increase Chiller,0,normal,info,,online,valid,f,68b74bfc-532a-40e2-9c0e-4be35b68396f,1b17a05b-18db-4c6f-80e3-18b47f6cb8c4
2026-07-29 11:22:09.276-07,75.20,23.09,28.50,30.39,0.850,69.97,58.90,0.1200,6.39,Increase Chiller,0,normal,info,,online,valid,f,5309b28a-2aa0-4f07-9211-9f9709d11780,1b17a05b-18db-4c6f-80e3-18b47f6cb8c4
2026-07-29 11:22:09.332-07,88.20,24.48,27.10,21.95,1.010,96.81,47.38,0.1300,2.05,Increase Chiller,0,normal,info,,online,valid,f,cbf79abb-b2ca-42c1-98c4-e5855079d0fe,1b17a05b-18db-4c6f-80e3-18b47f6cb8c4
2026-07-29 11:22:09.387-07,100.00,23.99,30.44,21.09,1.030,100.00,45.99,0.1000,2.91,Eco Mode,4,normal,info,,online,valid,f,6f70a98e-4331-4d7b-aed9-df0ee5e36862,1b17a05b-18db-4c6f-80e3-18b47f6cb8c4
2026-07-29 11:22:09.44-07,60.38,20.67,25.58,22.24,0.770,65.82,48.79,0.1100,1.76,Boost All,3,normal,info,,online,valid,f,3cf7891f-395e-4de7-b6cb-364de2dc29be,1b17a05b-18db-4c6f-80e3-18b47f6cb8c4
2026-07-29 11:22:09.497-07,72.91,20.82,24.27,23.26,0.920,82.27,51.41,0.1300,0.74,Eco Mode,4,normal,info,,online,valid,f,f3347502-d696-4d64-90db-d1b08c2f6da2,1b17a05b-18db-4c6f-80e3-18b47f6cb8c4
2026-07-29 11:22:09.552-07,95.63,25.47,31.66,25.83,1.070,100.00,53.73,0.1500,1.83,Eco Mode,4,outlier,warning,,online,valid,t,d81fa1ec-0700-4bc2-aa19-986714e1546f,1b17a05b-18db-4c6f-80e3-18b47f6cb8c4
2026-07-29 11:22:09.609-07,71.07,21.90,26.23,24.35,0.840,73.72,50.19,0.1000,0.35,Maintain,2,normal,info,,online,valid,f,42720b02-509f-4f9b-a1e5-0b87ea28d543,1b17a05b-18db-4c6f-80e3-18b47f6cb8c4
2026-07-29 11:22:09.666-07,73.80,23.40,29.51,25.36,0.740,63.99,46.11,0.1000,1.36,Maintain,2,normal,info,,online,valid,f,b87e9e70-5a5e-4349-b959-615b73ca67ad,1b17a05b-18db-4c6f-80e3-18b47f6cb8c4
2026-07-29 11:22:09.722-07,34.51,19.02,21.10,21.06,0.460,29.19,45.42,0.0600,2.94,Boost All,3,normal,info,,online,valid,f,401b61bc-3128-4eab-9c89-956d701dc74b,1b17a05b-18db-4c6f-80e3-18b47f6cb8c4
2026-07-29 11:22:09.778-07,38.61,18.42,26.11,28.69,0.640,44.87,55.63,0.0600,4.69,Reduce AHU,1,normal,info,,online,valid,f,216e1b1f-0fe7-443a-8013-010ac3e35f87,1b17a05b-18db-4c6f-80e3-18b47f6cb8c4
2026-07-29 11:22:09.835-07,71.95,21.06,27.78,22.20,0.760,70.53,39.76,0.0800,1.80,Boost All,3,normal,info,,online,valid,f,6251ba82-a89a-4beb-b085-1bea00335c30,1b17a05b-18db-4c6f-80e3-18b47f6cb8c4
2026-07-29 11:22:09.891-07,59.61,99.99,28.38,24.12,0.780,68.68,46.52,0.0700,0.12,Boost All,3,sensor_fault,critical,inlet_temperature_sensor,fault,suspect,t,311c9233-fed8-45df-a008-a784fb42a956,1b17a05b-18db-4c6f-80e3-18b47f6cb8c4
2026-07-29 11:22:09.948-07,53.27,19.55,25.22,23.75,0.720,61.99,45.72,0.0900,0.25,Maintain,2,normal,info,,online,valid,f,542dff4d-ddd6-4992-995c-bcd7fe491395,1b17a05b-18db-4c6f-80e3-18b47f6cb8c4
2026-07-29 11:22:10.005-07,90.39,24.76,28.96,27.15,0.990,89.08,56.45,0.1200,3.15,Increase Chiller,0,normal,info,,online,valid,f,499b9aff-1f0f-436b-a72f-619b38f9e458,1b17a05b-18db-4c6f-80e3-18b47f6cb8c4
2026-07-29 11:22:10.061-07,74.42,24.29,26.72,24.47,0.760,64.73,48.98,0.1100,0.47,Maintain,2,normal,info,,online,valid,f,aa172804-fe2f-4cd1-99c3-d5f204307d39,1b17a05b-18db-4c6f-80e3-18b47f6cb8c4
2026-07-29 11:22:10.118-07,78.57,21.02,29.20,21.33,0.780,68.92,46.25,0.0600,2.67,Boost All,3,normal,info,,online,valid,f,9eccf06c-5a08-4e00-ad31-30dcd9e4a7d3,1b17a05b-18db-4c6f-80e3-18b47f6cb8c4
2026-07-29 11:22:10.173-07,45.04,20.70,26.67,22.40,0.580,43.97,45.50,0.0700,1.60,Eco Mode,4,normal,info,,online,valid,f,393f8cf0-2b04-4dbd-9c14-ede5ee005bbe,1b17a05b-18db-4c6f-80e3-18b47f6cb8c4
2026-07-29 11:22:10.229-07,25.48,15.87,18.27,23.52,0.500,33.80,45.96,0.0500,0.48,Eco Mode,4,outlier,warning,,online,valid,t,053262ad-54bb-4c2f-9a37-fbc18adfcff0,1b17a05b-18db-4c6f-80e3-18b47f6cb8c4
2026-07-29 11:22:10.282-07,46.17,18.41,26.25,23.35,0.610,44.42,51.57,0.0600,0.65,Increase Chiller,0,normal,info,,online,valid,f,af5c67ae-bcee-43e7-a24d-b3b5d1062ed6,1b17a05b-18db-4c6f-80e3-18b47f6cb8c4
2026-07-29 11:22:10.333-07,76.24,23.25,23.31,24.67,0.890,79.94,49.97,0.1000,0.67,Eco Mode,4,normal,info,,online,valid,f,4c806ec6-9981-4965-9df0-abba2167629d,1b17a05b-18db-4c6f-80e3-18b47f6cb8c4
2026-07-29 11:22:10.387-07,69.42,21.23,28.13,26.54,0.790,67.84,49.21,0.0900,2.54,Boost All,3,normal,info,,online,valid,f,cb3d5ac1-8710-45f7-87ad-414c27b07747,1b17a05b-18db-4c6f-80e3-18b47f6cb8c4
2026-07-29 11:22:10.444-07,66.31,19.34,24.00,20.85,0.760,65.63,46.69,0.0900,3.15,Eco Mode,4,normal,info,,online,valid,f,7a9b2209-aa35-4f0a-a76f-4c2bd83a5b16,1b17a05b-18db-4c6f-80e3-18b47f6cb8c4
2026-07-29 11:22:10.497-07,83.43,24.17,25.94,25.78,0.880,75.33,54.66,0.0800,1.78,Eco Mode,4,normal,info,,online,valid,f,68438152-b561-4712-8882-662e9552ca30,1b17a05b-18db-4c6f-80e3-18b47f6cb8c4
2026-07-29 11:22:10.554-07,65.73,20.28,27.69,22.00,0.700,62.33,39.48,0.0900,2.00,Maintain,2,normal,info,,online,valid,f,b02250e4-ba41-41a6-bd9e-785fd23f71e8,1b17a05b-18db-4c6f-80e3-18b47f6cb8c4
2026-07-29 11:22:10.61-07,47.20,20.54,27.36,24.39,0.530,37.70,45.67,0.0500,0.39,Boost All,3,normal,info,,online,valid,f,8bc9568f-9235-407d-be11-d54b155bc327,1b17a05b-18db-4c6f-80e3-18b47f6cb8c4
2026-07-29 11:22:10.666-07,98.93,27.07,33.27,22.06,1.090,90.00,60.60,0.1100,1.94,Boost All,3,workload_spike,warning,,online,valid,t,f2a79493-78a8-445e-a99c-c3b33e817248,1b17a05b-18db-4c6f-80e3-18b47f6cb8c4
2026-07-29 11:22:10.722-07,88.56,24.41,30.63,25.47,0.950,89.65,46.22,0.1300,1.47,Boost All,3,normal,info,,online,valid,f,2bed18a9-b634-4f75-b928-6bb3210ae365,1b17a05b-18db-4c6f-80e3-18b47f6cb8c4
2026-07-29 11:22:10.774-07,50.52,20.87,24.55,23.45,0.690,60.38,42.27,0.1000,0.55,Maintain,2,normal,info,,online,valid,f,4f35550c-f4e0-4090-90da-bc82d2f61e30,1b17a05b-18db-4c6f-80e3-18b47f6cb8c4
2026-07-29 11:22:10.83-07,54.22,22.15,26.17,24.38,0.680,52.13,53.51,0.0700,0.38,Reduce AHU,1,normal,info,,online,valid,f,a0b00dee-8113-4d9e-9026-4963ec39c7a7,1b17a05b-18db-4c6f-80e3-18b47f6cb8c4
2026-07-29 11:22:10.885-07,97.88,24.59,32.96,22.79,0.960,90.55,46.51,0.1400,1.21,Reduce AHU,1,normal,info,,online,valid,f,8bd53903-ab50-44f6-818b-516f70b13ebd,1b17a05b-18db-4c6f-80e3-18b47f6cb8c4
2026-07-29 11:22:10.941-07,67.74,23.49,28.74,26.95,0.860,75.32,51.69,0.1300,2.95,Reduce AHU,1,normal,info,,online,valid,f,f5b51286-a485-481c-85b1-4addf12299af,1b17a05b-18db-4c6f-80e3-18b47f6cb8c4
2026-07-29 11:22:10.993-07,94.83,26.74,33.44,28.45,1.010,90.19,66.08,0.1000,4.45,Boost All,3,workload_spike,warning,,online,valid,t,4b7f8f82-f68f-4aa4-9474-8231b3627596,1b17a05b-18db-4c6f-80e3-18b47f6cb8c4
2026-07-29 11:22:11.05-07,66.26,21.69,27.17,23.07,0.690,59.45,42.68,0.1000,0.93,Maintain,2,normal,info,,online,valid,f,3bccfb9a-b127-4c52-800d-54bf56429466,1b17a05b-18db-4c6f-80e3-18b47f6cb8c4
2026-07-29 11:22:11.105-07,66.99,22.06,29.39,22.21,0.700,58.44,47.26,0.0900,1.79,Reduce AHU,1,normal,info,,online,valid,f,da77201a-535f-423f-99a5-511588891f3e,1b17a05b-18db-4c6f-80e3-18b47f6cb8c4
2026-07-29 11:22:11.16-07,46.00,17.73,25.74,23.77,0.610,45.51,48.86,0.0500,0.23,Eco Mode,4,normal,info,,online,valid,f,96f97ec2-eac5-492e-bdb5-d3cb7cb796ef,1b17a05b-18db-4c6f-80e3-18b47f6cb8c4
2026-07-29 11:22:11.216-07,66.93,21.32,23.98,23.23,0.780,69.85,45.13,0.0700,0.77,Reduce AHU,1,normal,info,,online,valid,f,193b9b9e-a349-423b-ae11-b489739d7db1,1b17a05b-18db-4c6f-80e3-18b47f6cb8c4
2026-07-29 11:22:11.273-07,79.66,99.99,26.49,22.55,0.810,73.86,43.04,0.1100,1.45,Reduce AHU,1,sensor_fault,critical,inlet_temperature_sensor,fault,suspect,t,4362f4e9-b0cb-4944-903c-e05f4cadb8ed,1b17a05b-18db-4c6f-80e3-18b47f6cb8c4
2026-07-29 11:22:11.326-07,95.05,26.64,32.11,20.23,1.030,98.47,62.09,0.1000,3.77,Boost All,3,workload_spike,warning,,online,valid,t,732c6059-7c55-43e4-b3ac-61af1ddb89ff,1b17a05b-18db-4c6f-80e3-18b47f6cb8c4
2026-07-29 11:22:11.381-07,53.29,21.72,25.57,24.30,0.630,50.38,45.25,0.0900,0.30,Maintain,2,normal,info,,online,valid,f,24006ccb-810a-488d-9488-6bca8d2f86bf,1b17a05b-18db-4c6f-80e3-18b47f6cb8c4
2026-07-29 11:22:11.437-07,23.59,16.79,23.85,23.64,0.440,25.57,47.16,0.0600,0.36,Boost All,3,normal,info,,online,valid,f,a2338775-e68b-482f-bc53-57f7a9fe2d3e,1b17a05b-18db-4c6f-80e3-18b47f6cb8c4
2026-07-29 11:22:11.493-07,62.82,20.28,22.88,24.91,0.680,53.38,51.08,0.0700,0.91,Increase Chiller,0,normal,info,,online,valid,f,3623551d-1dd9-41b8-87cb-210f57c08491,1b17a05b-18db-4c6f-80e3-18b47f6cb8c4
2026-07-29 11:22:11.549-07,48.97,21.08,25.76,24.14,0.710,57.37,49.22,0.0700,0.14,Eco Mode,4,normal,info,,online,valid,f,bc49b74c-bb7a-4bee-95c6-e184f651b78a,1b17a05b-18db-4c6f-80e3-18b47f6cb8c4
2026-07-29 11:22:11.605-07,51.61,19.79,21.85,24.34,0.700,58.45,46.88,0.1000,0.34,Reduce AHU,1,normal,info,,online,valid,f,81628ead-88ee-45cb-9746-e31f76b73f17,1b17a05b-18db-4c6f-80e3-18b47f6cb8c4
2026-07-29 11:22:11.659-07,57.36,20.15,28.03,21.07,0.660,58.23,38.54,0.0600,2.93,Boost All,3,normal,info,,online,valid,f,ae55d35e-023d-4aca-af09-739a8177aa64,1b17a05b-18db-4c6f-80e3-18b47f6cb8c4
2026-07-29 11:22:11.715-07,66.75,99.99,25.49,27.65,0.820,69.99,52.38,0.1000,3.65,Boost All,3,sensor_fault,critical,inlet_temperature_sensor,fault,suspect,t,d1190c7c-a59b-4a13-90b5-60ef6f525c27,1b17a05b-18db-4c6f-80e3-18b47f6cb8c4
2026-07-29 11:22:11.77-07,64.37,23.08,28.46,23.32,0.760,63.75,50.49,0.1000,0.68,Eco Mode,4,normal,info,,online,valid,f,fff73da6-d511-44d6-94f8-09b1fedfdd1d,1b17a05b-18db-4c6f-80e3-18b47f6cb8c4
2026-07-29 11:22:11.826-07,75.02,22.12,28.77,28.36,0.830,70.73,52.61,0.1200,4.36,Eco Mode,4,normal,info,,online,valid,f,6b7fa355-f759-4728-84dd-376efe49c4d4,1b17a05b-18db-4c6f-80e3-18b47f6cb8c4
2026-07-29 11:22:11.882-07,57.40,22.07,28.72,27.65,0.750,61.27,52.56,0.0700,3.65,Reduce AHU,1,normal,info,,online,valid,f,4c10a79d-9105-4adf-8567-112567d016c5,1b17a05b-18db-4c6f-80e3-18b47f6cb8c4
2026-07-29 11:22:11.938-07,71.99,22.45,25.78,25.24,0.870,78.83,47.79,0.0800,1.24,Boost All,3,normal,info,,online,valid,f,0072c02a-8abe-4f60-b479-4356a7883ada,1b17a05b-18db-4c6f-80e3-18b47f6cb8c4
2026-07-29 11:22:11.993-07,21.34,17.92,22.56,28.99,0.450,20.00,57.24,0.0500,4.99,Reduce AHU,1,normal,info,,online,valid,f,71b2fcf8-33d7-4ee5-ae42-bffd8e2cd731,1b17a05b-18db-4c6f-80e3-18b47f6cb8c4
2026-07-29 11:22:12.049-07,47.31,17.64,22.38,24.57,0.710,56.85,50.71,0.1100,0.57,Increase Chiller,0,normal,info,,online,valid,f,42c30c46-fb5f-42da-947a-71c53b6fc806,1b17a05b-18db-4c6f-80e3-18b47f6cb8c4
2026-07-29 11:22:12.106-07,75.08,22.75,25.24,24.62,0.870,79.99,46.40,0.1000,0.62,Eco Mode,4,normal,info,,online,valid,f,b37224c9-0142-4b67-be51-694206cd1c8e,1b17a05b-18db-4c6f-80e3-18b47f6cb8c4
2026-07-29 11:22:12.159-07,65.47,22.63,29.56,26.11,0.810,70.03,49.65,0.1100,2.11,Maintain,2,normal,info,,online,valid,f,d16b66eb-0010-41ff-9655-09876911db72,1b17a05b-18db-4c6f-80e3-18b47f6cb8c4
2026-07-29 11:22:12.216-07,73.51,20.85,23.31,26.87,0.930,80.50,57.22,0.1000,2.87,Eco Mode,4,normal,info,,online,valid,f,815bad8d-5e43-407d-b768-e6f23f595685,1b17a05b-18db-4c6f-80e3-18b47f6cb8c4
2026-07-29 11:22:12.272-07,43.80,19.59,24.90,27.19,0.600,40.86,54.77,0.0800,3.19,Boost All,3,normal,info,,online,valid,f,8d9d4732-2461-40fb-b72c-ebf8356ab4c0,1b17a05b-18db-4c6f-80e3-18b47f6cb8c4
2026-07-29 11:22:12.327-07,99.03,27.02,31.98,21.02,1.050,95.42,59.73,0.1100,2.98,Boost All,3,workload_spike,warning,,online,valid,t,3d760220-f8d9-4f28-a593-bd3c7f3c6bef,1b17a05b-18db-4c6f-80e3-18b47f6cb8c4
2026-07-29 11:22:12.383-07,83.15,21.58,30.95,23.95,0.850,73.20,52.01,0.1200,0.05,Maintain,2,normal,info,,online,valid,f,51fdfa0b-2b2a-402a-9ebf-c54afbb59bbd,1b17a05b-18db-4c6f-80e3-18b47f6cb8c4
2026-07-29 11:22:12.439-07,46.99,20.27,26.16,26.10,0.610,44.95,49.09,0.0500,2.10,Reduce AHU,1,normal,info,,online,valid,f,20f8abb1-e355-492d-8e1c-462d67872a59,1b17a05b-18db-4c6f-80e3-18b47f6cb8c4
2026-07-29 11:22:12.495-07,95.18,23.51,31.53,21.88,0.970,90.62,48.49,0.1200,2.12,Maintain,2,normal,info,,online,valid,f,3f92a7ce-dbfe-4e4d-a8eb-7e4460a3e779,1b17a05b-18db-4c6f-80e3-18b47f6cb8c4
2026-07-29 11:22:12.548-07,68.20,21.91,27.06,21.36,0.730,66.07,39.42,0.0900,2.64,Eco Mode,4,normal,info,,online,valid,f,c0d3046a-7c52-4540-b623-fc98ce36a0f6,1b17a05b-18db-4c6f-80e3-18b47f6cb8c4
2026-07-29 11:22:12.604-07,61.80,22.40,29.60,25.05,0.780,64.06,53.16,0.0800,1.05,Eco Mode,4,normal,info,,online,valid,f,338e4c91-58a7-4db1-bcbb-17e82cdd28a6,1b17a05b-18db-4c6f-80e3-18b47f6cb8c4
2026-07-29 11:22:12.656-07,58.23,21.37,26.07,24.57,0.740,63.77,46.92,0.0700,0.57,Eco Mode,4,normal,info,,online,valid,f,9cf19d4e-2ea5-44ee-9e75-6a45d9893383,1b17a05b-18db-4c6f-80e3-18b47f6cb8c4
2026-07-29 11:22:12.709-07,45.47,19.55,24.94,25.18,0.560,40.87,46.73,0.0800,1.18,Eco Mode,4,normal,info,,online,valid,f,601cb81d-de06-4a88-ad35-819f64cccd96,1b17a05b-18db-4c6f-80e3-18b47f6cb8c4
2026-07-29 11:22:12.765-07,31.33,17.87,23.66,23.63,0.450,28.44,45.06,0.0600,0.37,Maintain,2,normal,info,,online,valid,f,cd878d3e-7cdd-4b0c-9e4e-2b4f9b7a18c0,1b17a05b-18db-4c6f-80e3-18b47f6cb8c4
2026-07-29 11:22:12.823-07,83.43,24.17,25.94,25.78,0.880,75.33,54.66,0.0800,1.78,Eco Mode,4,normal,info,,online,valid,f,df087968-4781-48c6-a33f-b329544ce948,1b17a05b-18db-4c6f-80e3-18b47f6cb8c4
2026-07-29 11:22:12.879-07,93.44,24.90,30.19,23.12,0.930,85.41,48.45,0.1200,0.88,Boost All,3,normal,info,,online,valid,f,10ea7d9c-0d65-4fd1-968d-2811eb62c6bc,1b17a05b-18db-4c6f-80e3-18b47f6cb8c4
2026-07-29 11:22:12.935-07,75.99,23.29,28.36,26.06,0.840,73.86,49.87,0.0700,2.06,Reduce AHU,1,normal,info,,online,valid,f,e361d2ac-3d35-4e4b-b443-fbca1c2df6d3,1b17a05b-18db-4c6f-80e3-18b47f6cb8c4
2026-07-29 11:22:12.99-07,100.00,25.31,31.40,23.01,1.030,100.00,46.45,0.1500,0.99,Boost All,3,outlier,warning,,online,valid,t,852e7bf5-7d85-4ef2-a5c0-520013db392a,1b17a05b-18db-4c6f-80e3-18b47f6cb8c4
2026-07-29 11:22:13.047-07,89.38,24.94,29.98,21.00,0.920,87.90,42.82,0.1300,3.00,Increase Chiller,0,normal,info,,online,valid,f,7ce8de63-e735-41a5-953a-58f4cc76fe32,1b17a05b-18db-4c6f-80e3-18b47f6cb8c4
2026-07-29 11:22:13.105-07,58.53,19.35,22.57,19.09,0.670,59.73,38.70,0.1000,4.91,Boost All,3,normal,info,,online,valid,f,5dafc3ba-33f2-43f2-8226-c907eec89d53,1b17a05b-18db-4c6f-80e3-18b47f6cb8c4
2026-07-29 11:22:13.157-07,84.59,24.42,32.50,23.54,0.960,91.06,45.53,0.1100,0.46,Eco Mode,4,normal,info,,online,valid,f,3cc05e3a-56fc-4696-8489-591861c0951a,1b17a05b-18db-4c6f-80e3-18b47f6cb8c4
2026-07-29 11:22:13.211-07,14.80,16.54,19.12,22.21,0.390,20.00,45.84,0.0300,1.79,Maintain,2,normal,info,,online,valid,f,3ce67e8c-e28b-4481-8270-0e793fa8cd22,1b17a05b-18db-4c6f-80e3-18b47f6cb8c4
2026-07-29 11:22:13.267-07,54.25,20.53,27.45,24.17,0.690,58.97,43.80,0.1000,0.17,Boost All,3,normal,info,,online,valid,f,9c5bf178-3f50-415a-99b5-9163e314da0f,1b17a05b-18db-4c6f-80e3-18b47f6cb8c4
2026-07-29 11:22:13.323-07,41.90,19.97,26.28,21.37,0.610,48.53,44.70,0.0500,2.63,Eco Mode,4,normal,info,,online,valid,f,014f0e8b-296c-4838-a55e-a24b92129f1f,1b17a05b-18db-4c6f-80e3-18b47f6cb8c4
2026-07-29 11:22:13.378-07,98.12,24.51,27.51,25.49,0.960,90.51,46.58,0.0800,1.49,Boost All,3,normal,info,,online,valid,f,92341074-d92c-4ec8-b7bf-8d23fccc4123,1b17a05b-18db-4c6f-80e3-18b47f6cb8c4
2026-07-29 11:22:13.435-07,67.99,21.11,21.11,25.05,0.860,77.60,48.34,0.0800,1.05,Boost All,3,normal,info,,online,valid,f,64e6229a-37fd-4f23-bdec-4d7898916b57,1b17a05b-18db-4c6f-80e3-18b47f6cb8c4
2026-07-29 11:22:13.49-07,50.64,19.41,24.99,27.11,0.750,58.59,56.18,0.1100,3.11,Maintain,2,normal,info,,online,valid,f,4e46608d-97b8-4dc9-a4c5-dbd0b6d6bda3,1b17a05b-18db-4c6f-80e3-18b47f6cb8c4
2026-07-29 11:22:13.547-07,51.82,19.86,23.55,19.73,0.570,49.61,35.22,0.0800,4.27,Reduce AHU,1,normal,info,,online,valid,f,bb2942f0-3b42-4658-ad6e-7ff9bc71ce72,1b17a05b-18db-4c6f-80e3-18b47f6cb8c4
2026-07-29 11:22:13.603-07,87.54,23.28,28.33,23.47,0.900,85.37,43.74,0.0800,0.53,Maintain,2,normal,info,,online,valid,f,c2b94e85-a93a-4a4f-b971-087278e01fbc,1b17a05b-18db-4c6f-80e3-18b47f6cb8c4
2026-07-29 11:22:13.658-07,47.66,19.44,25.09,26.12,0.640,49.54,48.38,0.0600,2.12,Increase Chiller,0,normal,info,,online,valid,f,68249726-e030-4ab9-9248-9e646cb532a9,1b17a05b-18db-4c6f-80e3-18b47f6cb8c4
2026-07-29 11:22:13.714-07,55.85,21.58,28.94,30.51,0.760,54.37,65.55,0.0700,6.51,Maintain,2,normal,info,,online,valid,f,698485e0-6814-4217-904f-a26c90aa4769,1b17a05b-18db-4c6f-80e3-18b47f6cb8c4
2026-07-29 11:22:13.77-07,65.95,22.23,26.34,24.89,0.810,67.55,53.44,0.0700,0.89,Reduce AHU,1,normal,info,,online,valid,f,109d4e6f-3843-4616-9ec0-7315ede7ded9,1b17a05b-18db-4c6f-80e3-18b47f6cb8c4
2026-07-29 11:22:13.826-07,61.34,21.65,27.34,22.04,0.680,58.64,42.92,0.0800,1.96,Eco Mode,4,normal,info,,online,valid,f,4426d105-a4a0-4078-89f1-ae641d26ce42,1b17a05b-18db-4c6f-80e3-18b47f6cb8c4
2026-07-29 11:22:13.883-07,61.92,19.54,23.84,24.55,0.710,59.51,47.24,0.0900,0.55,Increase Chiller,0,normal,info,,online,valid,f,6cd7bdd1-d155-4999-854a-a15c255c6ca1,1b17a05b-18db-4c6f-80e3-18b47f6cb8c4
2026-07-29 11:22:13.94-07,90.88,24.65,29.45,28.83,1.060,94.94,59.80,0.1000,4.83,Eco Mode,4,normal,info,,online,valid,f,8f75eb90-d0bc-4896-9739-5281546f3a70,1b17a05b-18db-4c6f-80e3-18b47f6cb8c4
2026-07-29 11:22:13.996-07,82.07,21.88,23.46,25.92,0.850,76.07,47.48,0.1200,1.92,Maintain,2,normal,info,,online,valid,f,8ede4bd6-214d-4e3b-ab0f-94bab5a87027,1b17a05b-18db-4c6f-80e3-18b47f6cb8c4
2026-07-29 11:22:14.053-07,82.27,26.11,29.18,18.57,0.780,77.33,32.66,0.0800,5.43,Eco Mode,4,normal,info,,online,valid,f,dc55c9eb-d545-481a-ab76-ec8df55681ee,1b17a05b-18db-4c6f-80e3-18b47f6cb8c4
2026-07-29 11:22:14.108-07,74.59,20.94,29.44,27.82,0.800,67.35,51.81,0.1100,3.82,Reduce AHU,1,normal,info,,online,valid,f,d0110d89-e20b-4999-a77a-66aec7756444,1b17a05b-18db-4c6f-80e3-18b47f6cb8c4
2026-07-29 11:22:14.161-07,43.23,21.12,30.31,25.26,0.640,47.01,52.28,0.0800,1.26,Reduce AHU,1,normal,info,,online,valid,f,b914bea0-89c8-47db-85a2-0a9b26f85445,1b17a05b-18db-4c6f-80e3-18b47f6cb8c4
2026-07-29 11:22:14.216-07,83.42,28.55,36.34,24.25,0.340,14.97,31.42,0.0400,0.25,Increase Chiller,0,cooling_failure,critical,chiller_loop,degraded,valid,t,973335e5-9b01-41ea-aff3-74b4c72ec056,1b17a05b-18db-4c6f-80e3-18b47f6cb8c4
2026-07-29 11:22:14.274-07,53.66,20.41,26.97,26.15,0.680,50.38,54.97,0.0700,2.15,Maintain,2,normal,info,,online,valid,f,bcbb7046-a6b1-4613-8278-0d10ecb86825,1b17a05b-18db-4c6f-80e3-18b47f6cb8c4
2026-07-29 11:22:14.331-07,100.00,25.43,29.40,19.94,1.010,100.00,42.78,0.1500,4.06,Eco Mode,4,outlier,warning,,online,valid,t,01d491b8-fb02-408f-aa32-2d355f2e6207,1b17a05b-18db-4c6f-80e3-18b47f6cb8c4
2026-07-29 11:22:14.383-07,80.86,24.16,30.41,21.08,0.880,86.21,39.03,0.0900,2.92,Increase Chiller,0,normal,info,,online,valid,f,5fbf899e-9536-4c63-96ee-701634280247,1b17a05b-18db-4c6f-80e3-18b47f6cb8c4
2026-07-29 11:22:14.436-07,75.04,20.92,23.12,23.50,0.840,73.33,50.30,0.1100,0.50,Reduce AHU,1,normal,info,,online,valid,f,dddbe266-5177-428a-b17e-9e7476c90006,1b17a05b-18db-4c6f-80e3-18b47f6cb8c4
2026-07-29 11:22:14.488-07,57.63,20.16,22.13,25.20,0.780,64.27,54.07,0.0700,1.20,Eco Mode,4,normal,info,,online,valid,f,541c63e6-e400-4fb5-81b3-1ce53104d614,1b17a05b-18db-4c6f-80e3-18b47f6cb8c4
2026-07-29 11:22:14.544-07,92.26,24.30,29.72,25.40,0.970,91.52,46.81,0.1100,1.40,Increase Chiller,0,normal,info,,online,valid,f,f03751f3-9ce7-477a-ae13-8607782f4ede,1b17a05b-18db-4c6f-80e3-18b47f6cb8c4
2026-07-29 11:22:14.599-07,81.87,23.68,25.57,22.38,0.980,91.77,49.61,0.0800,1.62,Eco Mode,4,normal,info,,online,valid,f,99c556fc-845a-4d14-8f95-0f4e0ae67f5c,1b17a05b-18db-4c6f-80e3-18b47f6cb8c4
2026-07-29 11:22:14.652-07,25.76,16.45,20.06,25.39,0.510,31.94,51.40,0.0600,1.39,Boost All,3,normal,info,,online,valid,f,26ee7600-9cae-45ae-b5ca-8e5d166c3215,1b17a05b-18db-4c6f-80e3-18b47f6cb8c4
2026-07-29 11:22:14.71-07,100.00,24.03,28.45,23.66,0.990,94.87,46.27,0.1000,0.34,Maintain,2,normal,info,,online,valid,f,f97c71e0-80db-42d1-b61f-7acc56b53145,1b17a05b-18db-4c6f-80e3-18b47f6cb8c4
2026-07-29 11:22:14.763-07,73.53,24.28,28.66,21.24,0.730,66.85,40.03,0.0700,2.76,Reduce AHU,1,normal,info,,online,valid,f,0e32e284-fd93-486b-b3e6-8c1946cb273d,1b17a05b-18db-4c6f-80e3-18b47f6cb8c4
2026-07-29 11:22:14.82-07,85.51,29.90,36.03,22.27,0.360,10.64,29.89,0.0400,1.73,Increase Chiller,0,cooling_failure,critical,chiller_loop,degraded,valid,t,988d9d85-bb41-4b1c-a018-bdcfadf29a7f,1b17a05b-18db-4c6f-80e3-18b47f6cb8c4
2026-07-29 11:22:14.874-07,28.67,15.00,16.28,25.10,0.450,21.71,54.72,0.0500,1.10,Reduce AHU,1,outlier,warning,,online,valid,t,2493d1fa-5a03-4664-8815-510ae6fc88f2,1b17a05b-18db-4c6f-80e3-18b47f6cb8c4
2026-07-29 11:22:14.926-07,49.55,19.58,24.14,26.80,0.620,44.68,53.13,0.0900,2.80,Increase Chiller,0,normal,info,,online,valid,f,1bdd33c6-9c36-4f50-87f4-c67fccebc57a,1b17a05b-18db-4c6f-80e3-18b47f6cb8c4
2026-07-29 11:22:14.983-07,19.31,16.29,23.38,21.45,0.430,28.15,40.83,0.0600,2.55,Eco Mode,4,normal,info,,online,valid,f,06581a00-1fb7-4e17-a9eb-eec2f330c563,1b17a05b-18db-4c6f-80e3-18b47f6cb8c4
2026-07-29 11:22:15.039-07,72.49,23.98,29.85,26.36,0.760,65.32,48.05,0.1000,2.36,Maintain,2,normal,info,,online,valid,f,76735150-c573-474a-86b5-be23d4b504e1,1b17a05b-18db-4c6f-80e3-18b47f6cb8c4
2026-07-29 11:22:15.096-07,40.39,18.62,23.74,20.83,0.590,45.91,43.73,0.0700,3.17,Increase Chiller,0,normal,info,,online,valid,f,35747a7b-ff24-46d3-a7f7-b6f6909661cb,1b17a05b-18db-4c6f-80e3-18b47f6cb8c4
2026-07-29 11:22:15.148-07,45.53,20.25,27.41,20.06,0.610,53.57,36.37,0.0800,3.94,Reduce AHU,1,normal,info,,online,valid,f,ac123543-adb4-4edd-8da0-8a5421ce1fdf,1b17a05b-18db-4c6f-80e3-18b47f6cb8c4
2026-07-29 11:22:15.2-07,75.86,22.05,29.28,26.86,0.940,82.89,55.91,0.0900,2.86,Increase Chiller,0,normal,info,,online,valid,f,ec32781b-d437-4943-ba4e-6bd666c658a3,1b17a05b-18db-4c6f-80e3-18b47f6cb8c4
2026-07-29 11:22:15.255-07,58.76,20.80,24.05,25.24,0.650,48.87,51.61,0.0900,1.24,Eco Mode,4,normal,info,,online,valid,f,e3bcccb6-1426-4fd5-9f35-7801892c345e,1b17a05b-18db-4c6f-80e3-18b47f6cb8c4
2026-07-29 11:22:15.308-07,74.43,21.73,23.74,21.37,0.890,84.35,43.97,0.0800,2.63,Eco Mode,4,normal,info,,online,valid,f,fddfc42c-a0e2-422e-944e-8eea7c54c01b,1b17a05b-18db-4c6f-80e3-18b47f6cb8c4
2026-07-29 11:22:15.361-07,69.19,21.81,28.44,26.89,0.780,63.66,53.52,0.0900,2.89,Maintain,2,normal,info,,online,valid,f,eaae716f-d909-4620-a987-a3eea3cbd923,1b17a05b-18db-4c6f-80e3-18b47f6cb8c4
2026-07-29 11:22:15.417-07,66.50,20.64,26.98,25.25,0.850,74.55,50.85,0.1000,1.25,Eco Mode,4,normal,info,,online,valid,f,111d2480-63e5-4036-b694-73c5d7beb33e,1b17a05b-18db-4c6f-80e3-18b47f6cb8c4
2026-07-29 11:22:15.469-07,54.41,18.84,21.50,27.73,0.740,59.04,52.91,0.1000,3.73,Eco Mode,4,normal,info,,online,valid,f,743d902a-a60e-4038-b214-3e26770c37de,1b17a05b-18db-4c6f-80e3-18b47f6cb8c4
2026-07-29 11:22:15.524-07,50.04,19.60,24.93,18.83,0.610,51.90,39.50,0.0700,5.17,Reduce AHU,1,normal,info,,online,valid,f,6684967d-5c45-47dd-9f45-e3126a414aae,1b17a05b-18db-4c6f-80e3-18b47f6cb8c4
2026-07-29 11:22:15.576-07,60.04,20.60,26.38,26.12,0.760,62.72,51.54,0.0800,2.12,Maintain,2,normal,info,,online,valid,f,eabf376b-56e6-42b2-8e9d-f8bb893c803f,1b17a05b-18db-4c6f-80e3-18b47f6cb8c4
2026-07-29 11:22:15.63-07,63.34,20.68,22.08,28.58,0.860,70.79,57.96,0.1100,4.58,Increase Chiller,0,normal,info,,online,valid,f,5f8c8bb4-0a48-4e37-af82-e90d4881d988,1b17a05b-18db-4c6f-80e3-18b47f6cb8c4
2026-07-29 11:22:15.685-07,70.03,21.86,24.74,22.82,0.800,69.41,49.26,0.0800,1.18,Increase Chiller,0,normal,info,,online,valid,f,b9573b90-fc91-4924-a9cc-324c78cca4f8,1b17a05b-18db-4c6f-80e3-18b47f6cb8c4
2026-07-29 11:22:15.74-07,38.60,18.62,25.26,21.81,0.450,31.27,40.09,0.0600,2.19,Eco Mode,4,normal,info,,online,valid,f,f2923746-8b19-4ced-a9f4-a56f86b43c11,1b17a05b-18db-4c6f-80e3-18b47f6cb8c4
2026-07-29 11:22:15.794-07,90.68,23.41,28.89,26.03,0.950,86.76,50.69,0.1300,2.03,Eco Mode,4,normal,info,,online,valid,f,3404a349-eee5-4066-8155-de108ad174d9,1b17a05b-18db-4c6f-80e3-18b47f6cb8c4
2026-07-29 11:22:15.851-07,48.50,21.64,21.64,28.87,0.660,45.49,59.18,0.0600,4.87,Eco Mode,4,normal,info,,online,valid,f,9e1ed476-c8f1-4105-bc37-e8b2cb1a0cb0,1b17a05b-18db-4c6f-80e3-18b47f6cb8c4
2026-07-29 11:22:15.907-07,87.69,23.03,26.68,20.56,0.930,89.40,43.76,0.1200,3.44,Eco Mode,4,normal,info,,online,valid,f,3bfa34e4-854b-4904-9bab-e74cb53ff4c2,1b17a05b-18db-4c6f-80e3-18b47f6cb8c4
2026-07-29 11:22:15.964-07,53.50,20.95,29.47,22.00,0.580,43.85,45.13,0.0600,2.00,Eco Mode,4,normal,info,,online,valid,f,c38cedc5-ab10-423d-9a59-7ae865741ed6,1b17a05b-18db-4c6f-80e3-18b47f6cb8c4
2026-07-29 11:22:16.017-07,28.67,17.16,19.34,18.08,0.470,37.88,33.87,0.0700,5.92,Maintain,2,normal,info,,online,valid,f,7f296135-453c-4b78-8930-3328639bfc97,1b17a05b-18db-4c6f-80e3-18b47f6cb8c4
2026-07-29 11:22:16.071-07,64.01,99.99,29.27,25.21,0.770,64.28,50.73,0.1000,1.21,Boost All,3,sensor_fault,critical,inlet_temperature_sensor,fault,suspect,t,0871c1d9-b0a3-4efc-9e33-8439a596ab2b,1b17a05b-18db-4c6f-80e3-18b47f6cb8c4
2026-07-29 11:22:16.123-07,55.19,20.29,23.56,24.35,0.710,60.06,46.07,0.1000,0.35,Increase Chiller,0,normal,info,,online,valid,f,26927275-f49e-4e31-ae52-3a3af39d1797,1b17a05b-18db-4c6f-80e3-18b47f6cb8c4
2026-07-29 11:22:16.179-07,97.98,25.42,30.76,22.27,0.980,98.55,65.26,0.1000,1.73,Boost All,3,workload_spike,warning,,online,valid,t,6d8d5599-dfc3-4bd6-8176-04290bf9ad82,1b17a05b-18db-4c6f-80e3-18b47f6cb8c4
2026-07-29 11:22:16.232-07,34.89,17.57,19.54,23.29,0.550,37.81,48.53,0.0700,0.71,Maintain,2,normal,info,,online,valid,f,3e42bbbd-a4e9-4544-af00-ef6133b43a88,1b17a05b-18db-4c6f-80e3-18b47f6cb8c4
2026-07-29 11:22:16.286-07,55.52,19.91,27.77,19.22,0.600,50.04,40.00,0.0600,4.78,Increase Chiller,0,normal,info,,online,valid,f,8805bcad-4600-48e5-b0e9-18c7704461dc,1b17a05b-18db-4c6f-80e3-18b47f6cb8c4
2026-07-29 11:22:16.343-07,100.00,25.58,31.90,25.30,1.060,100.00,51.26,0.1500,1.30,Eco Mode,4,outlier,warning,,online,valid,t,7504d99c-d7b2-4d71-8d10-8c4e3cc5a0b0,1b17a05b-18db-4c6f-80e3-18b47f6cb8c4
2026-07-29 11:22:16.399-07,36.69,18.13,21.04,27.30,0.650,44.68,59.00,0.0800,3.30,Maintain,2,normal,info,,online,valid,f,b9922508-9302-423c-82b5-532ad0cef4f4,1b17a05b-18db-4c6f-80e3-18b47f6cb8c4
2026-07-29 11:22:16.456-07,63.61,21.55,24.16,22.93,0.720,61.78,45.26,0.0700,1.07,Boost All,3,normal,info,,online,valid,f,0cd8d99c-bf85-4468-bfa1-9bcfd0261ded,1b17a05b-18db-4c6f-80e3-18b47f6cb8c4
2026-07-29 11:22:16.512-07,85.46,24.62,31.17,22.81,0.830,77.00,41.89,0.0700,1.19,Increase Chiller,0,normal,info,,online,valid,f,3f6ca1c1-4fb8-4b66-af2d-ac530b1e0bf5,1b17a05b-18db-4c6f-80e3-18b47f6cb8c4
2026-07-29 11:22:16.565-07,62.56,19.69,23.12,20.19,0.790,71.27,43.29,0.0700,3.81,Reduce AHU,1,normal,info,,online,valid,f,5c874f9b-5187-42e9-b3d8-a877ff498d36,1b17a05b-18db-4c6f-80e3-18b47f6cb8c4
2026-07-29 11:22:16.622-07,99.79,25.28,31.89,21.91,0.920,87.06,69.55,0.0900,2.09,Boost All,3,workload_spike,warning,,online,valid,t,19a0a8a3-7574-4d02-8a24-85d4f0625f25,1b17a05b-18db-4c6f-80e3-18b47f6cb8c4
2026-07-29 11:22:16.674-07,77.13,21.87,27.78,27.40,0.870,76.03,52.05,0.1000,3.40,Boost All,3,normal,info,,online,valid,f,b4626f60-0f8e-4857-b4ed-e8c7c0aa6698,1b17a05b-18db-4c6f-80e3-18b47f6cb8c4
2026-07-29 11:22:16.73-07,67.58,22.97,28.43,29.57,0.860,67.48,63.21,0.0800,5.57,Increase Chiller,0,normal,info,,online,valid,f,81e45f28-8e35-43b1-8d41-a082b3f1fb6a,1b17a05b-18db-4c6f-80e3-18b47f6cb8c4
2026-07-29 11:22:16.786-07,47.27,18.85,22.50,22.62,0.670,52.79,49.44,0.0700,1.38,Maintain,2,normal,info,,online,valid,f,374b8a52-8ff7-4a7d-82e5-da9fd8e0fb2e,1b17a05b-18db-4c6f-80e3-18b47f6cb8c4
2026-07-29 11:22:16.842-07,95.07,30.41,37.09,28.86,0.450,13.50,30.68,0.0500,4.86,Increase Chiller,0,cooling_failure,critical,chiller_loop,degraded,valid,t,26d809d9-6ddc-4b40-8cf4-39b222e1ac94,1b17a05b-18db-4c6f-80e3-18b47f6cb8c4
2026-07-29 11:22:16.899-07,77.58,23.34,27.13,22.54,0.870,77.88,49.07,0.0700,1.46,Eco Mode,4,normal,info,,online,valid,f,5fb23551-46d7-4d99-893a-94d7765ec871,1b17a05b-18db-4c6f-80e3-18b47f6cb8c4
2026-07-29 11:22:16.951-07,54.85,19.42,23.13,21.98,0.660,54.35,45.93,0.0700,2.02,Increase Chiller,0,normal,info,,online,valid,f,be7a152c-8ad0-44fa-bbae-c87af3b0e88e,1b17a05b-18db-4c6f-80e3-18b47f6cb8c4
2026-07-29 11:22:17.007-07,59.19,99.99,24.22,25.49,0.750,61.20,52.30,0.1000,1.49,Boost All,3,sensor_fault,critical,inlet_temperature_sensor,fault,suspect,t,32b57af1-b548-42c5-aa12-c7b8ce315229,1b17a05b-18db-4c6f-80e3-18b47f6cb8c4
2026-07-29 11:22:17.064-07,55.19,20.29,23.56,24.35,0.710,60.06,46.07,0.1000,0.35,Increase Chiller,0,normal,info,,online,valid,f,e5449b77-81b8-41bd-a776-889457436db9,1b17a05b-18db-4c6f-80e3-18b47f6cb8c4
2026-07-29 11:22:17.118-07,95.25,26.82,31.56,23.28,1.090,86.53,69.10,0.1100,0.72,Boost All,3,workload_spike,warning,,online,valid,t,74fb0655-fa6e-4dcd-88ae-1227e59a57ac,1b17a05b-18db-4c6f-80e3-18b47f6cb8c4
2026-07-29 11:22:17.173-07,94.34,25.61,30.39,28.32,1.040,93.38,61.65,0.1000,4.32,Boost All,3,workload_spike,warning,,online,valid,t,78b91c26-e413-41a9-8c18-2282eef3a808,1b17a05b-18db-4c6f-80e3-18b47f6cb8c4
2026-07-29 11:22:17.225-07,96.93,25.21,30.46,24.34,0.930,87.29,63.50,0.0900,0.34,Boost All,3,workload_spike,warning,,online,valid,t,26ca8f65-30a0-466a-acfa-1b83c1f36f42,1b17a05b-18db-4c6f-80e3-18b47f6cb8c4
2026-07-29 11:22:17.282-07,45.32,18.68,23.70,29.73,0.650,42.69,61.28,0.0900,5.73,Boost All,3,normal,info,,online,valid,f,d3dab0ba-ac4e-4aad-987d-72db5a76865d,1b17a05b-18db-4c6f-80e3-18b47f6cb8c4
2026-07-29 11:22:17.334-07,36.27,18.63,19.42,21.63,0.560,41.38,46.66,0.0700,2.37,Boost All,3,normal,info,,online,valid,f,741e4de1-d407-4f5e-9d6b-0ab1376f177c,1b17a05b-18db-4c6f-80e3-18b47f6cb8c4
2026-07-29 11:22:17.39-07,47.41,19.12,24.63,27.17,0.720,56.79,52.56,0.0600,3.17,Boost All,3,normal,info,,online,valid,f,ca2c49af-91c0-4519-8dfc-ae5d1b548153,1b17a05b-18db-4c6f-80e3-18b47f6cb8c4
2026-07-29 11:22:17.447-07,99.73,25.59,29.62,27.23,1.050,100.00,49.67,0.1600,3.23,Maintain,2,outlier,warning,,online,valid,t,80ef6b4b-07bc-4a9b-8926-028d32f9fd31,1b17a05b-18db-4c6f-80e3-18b47f6cb8c4
2026-07-29 11:22:17.503-07,64.53,22.53,31.88,24.98,0.730,57.55,53.32,0.0900,0.98,Eco Mode,4,normal,info,,online,valid,f,49c5c9b9-b650-4d6d-8360-86ce6cd62ba0,1b17a05b-18db-4c6f-80e3-18b47f6cb8c4
2026-07-29 11:22:17.558-07,73.85,20.16,22.36,19.23,0.830,79.58,37.91,0.0900,4.77,Boost All,3,normal,info,,online,valid,f,20724524-4ad2-40d5-9544-55e2e38fd708,1b17a05b-18db-4c6f-80e3-18b47f6cb8c4
2026-07-29 11:22:17.615-07,62.50,23.48,29.73,26.37,0.830,70.40,53.04,0.1100,2.37,Increase Chiller,0,normal,info,,online,valid,f,cf29dde3-7ee5-48e1-8918-e4ae59a1a075,1b17a05b-18db-4c6f-80e3-18b47f6cb8c4
2026-07-29 11:22:17.672-07,34.11,20.47,25.96,18.40,0.410,25.52,41.22,0.0300,5.60,Reduce AHU,1,normal,info,,online,valid,f,40d0cabf-7983-4252-9652-1e5ce4dc2ca3,1b17a05b-18db-4c6f-80e3-18b47f6cb8c4
2026-07-29 11:22:17.724-07,61.85,21.79,25.88,21.34,0.740,68.45,37.95,0.0800,2.66,Increase Chiller,0,normal,info,,online,valid,f,a466efaa-b9d1-4f0d-880f-8bfd943cc9df,1b17a05b-18db-4c6f-80e3-18b47f6cb8c4
2026-07-29 11:22:17.78-07,42.86,19.35,26.04,24.59,0.500,34.16,44.83,0.0400,0.59,Maintain,2,normal,info,,online,valid,f,0ed69bdf-ede8-4656-bc26-33a1a9c007ae,1b17a05b-18db-4c6f-80e3-18b47f6cb8c4
2026-07-29 11:22:17.836-07,35.21,19.05,21.65,24.62,0.520,36.11,45.83,0.0700,0.62,Boost All,3,normal,info,,online,valid,f,3f786bff-640a-4bf8-919b-b1860bca23d0,1b17a05b-18db-4c6f-80e3-18b47f6cb8c4
2026-07-29 11:22:17.888-07,80.18,23.74,29.92,22.52,0.800,71.95,45.15,0.0900,1.48,Increase Chiller,0,normal,info,,online,valid,f,ba61287b-b776-4006-b6dd-84477eb7c036,1b17a05b-18db-4c6f-80e3-18b47f6cb8c4
2026-07-29 11:22:17.941-07,63.98,21.93,27.29,26.65,0.740,57.74,55.86,0.1000,2.65,Maintain,2,normal,info,,online,valid,f,ae8cca04-5b61-460e-8c26-61653b83783f,1b17a05b-18db-4c6f-80e3-18b47f6cb8c4
2026-07-29 11:22:17.997-07,65.52,21.57,24.73,24.07,0.780,65.31,50.82,0.0900,0.07,Increase Chiller,0,normal,info,,online,valid,f,04201b54-7ca7-4717-8585-54ecac048e84,1b17a05b-18db-4c6f-80e3-18b47f6cb8c4
2026-07-29 11:22:18.052-07,91.13,24.20,33.28,20.51,0.870,84.37,40.01,0.1100,3.49,Reduce AHU,1,normal,info,,online,valid,f,aa8b64a7-bd0d-460c-833f-6b13f87592bc,1b17a05b-18db-4c6f-80e3-18b47f6cb8c4
2026-07-29 11:22:18.106-07,65.90,22.80,30.12,23.22,0.780,65.83,49.70,0.1000,0.78,Increase Chiller,0,normal,info,,online,valid,f,75d83511-fc82-46f4-9011-9b7d7795cb56,1b17a05b-18db-4c6f-80e3-18b47f6cb8c4
2026-07-29 11:22:18.163-07,21.34,17.92,22.56,28.99,0.450,20.00,57.24,0.0500,4.99,Reduce AHU,1,normal,info,,online,valid,f,c07116b0-a704-45cd-88f0-af2fc09ae7c1,1b17a05b-18db-4c6f-80e3-18b47f6cb8c4
2026-07-29 11:22:18.216-07,56.57,20.68,29.47,23.72,0.720,57.96,50.69,0.0900,0.28,Boost All,3,normal,info,,online,valid,f,8969a5ad-7fd0-478d-b794-5191573bda09,1b17a05b-18db-4c6f-80e3-18b47f6cb8c4
2026-07-29 11:22:18.273-07,28.14,16.43,21.98,29.58,0.580,35.43,59.30,0.0600,5.58,Eco Mode,4,normal,info,,online,valid,f,11f5e996-5db0-4268-971d-b6943324e2a2,1b17a05b-18db-4c6f-80e3-18b47f6cb8c4
2026-07-29 11:22:18.329-07,45.97,19.82,24.67,18.67,0.640,55.71,38.43,0.0600,5.33,Maintain,2,normal,info,,online,valid,f,6748ea6e-5501-441b-87aa-6fe5799a0f68,1b17a05b-18db-4c6f-80e3-18b47f6cb8c4
2026-07-29 11:22:18.381-07,75.56,21.73,27.30,28.14,0.840,73.26,51.38,0.0700,4.14,Eco Mode,4,normal,info,,online,valid,f,bd840251-84a5-49cc-be95-825369e0a012,1b17a05b-18db-4c6f-80e3-18b47f6cb8c4
2026-07-29 11:22:18.435-07,84.21,30.53,39.35,23.94,0.340,13.23,39.46,0.0400,0.06,Increase Chiller,0,cooling_failure,critical,chiller_loop,degraded,valid,t,7c5dc133-9467-4446-857b-df9691707264,1b17a05b-18db-4c6f-80e3-18b47f6cb8c4
2026-07-29 11:22:18.491-07,94.25,26.66,32.56,18.98,1.100,87.03,61.91,0.1100,5.02,Boost All,3,workload_spike,warning,,online,valid,t,94433d73-613d-435f-94c5-ab043e0cec2c,1b17a05b-18db-4c6f-80e3-18b47f6cb8c4
2026-07-29 11:22:18.546-07,70.59,23.96,29.16,21.62,0.730,62.89,44.87,0.0800,2.38,Maintain,2,normal,info,,online,valid,f,cbcb066c-699a-47e0-a19a-63a4080bbc69,1b17a05b-18db-4c6f-80e3-18b47f6cb8c4
2026-07-29 11:22:18.603-07,40.83,20.72,24.67,20.68,0.600,48.94,42.45,0.0500,3.32,Boost All,3,normal,info,,online,valid,f,7f6a5282-576b-4cab-ba9f-734bfe69f765,1b17a05b-18db-4c6f-80e3-18b47f6cb8c4
2026-07-29 11:22:18.656-07,69.46,21.34,29.50,22.27,0.800,71.89,45.39,0.1000,1.73,Reduce AHU,1,normal,info,,online,valid,f,0b893e63-672e-4a4e-8cbe-eaa92c7ea506,1b17a05b-18db-4c6f-80e3-18b47f6cb8c4
2026-07-29 11:22:18.712-07,58.71,20.10,28.67,22.39,0.630,53.17,41.54,0.0600,1.61,Boost All,3,normal,info,,online,valid,f,17ea46e0-6869-4ce0-954a-b99ff9746f52,1b17a05b-18db-4c6f-80e3-18b47f6cb8c4
2026-07-29 11:22:18.766-07,57.74,21.49,25.86,31.83,0.690,48.52,59.81,0.1000,7.83,Boost All,3,outlier,warning,,online,valid,t,64c123b7-e2ae-4f5b-a233-f5a13b86533d,1b17a05b-18db-4c6f-80e3-18b47f6cb8c4
2026-07-29 11:22:18.823-07,58.31,19.35,25.22,23.29,0.620,49.54,44.70,0.0700,0.71,Maintain,2,normal,info,,online,valid,f,0c9ca36b-36a9-4257-a707-2c34f806a654,1b17a05b-18db-4c6f-80e3-18b47f6cb8c4
2026-07-29 11:22:18.879-07,97.78,25.00,30.21,22.59,0.900,97.10,65.59,0.0900,1.41,Boost All,3,workload_spike,warning,,online,valid,t,873718f2-a5da-42d6-9dd8-703dc02dbc3e,1b17a05b-18db-4c6f-80e3-18b47f6cb8c4
2026-07-29 11:22:18.933-07,39.73,19.89,27.04,28.45,0.630,43.96,55.14,0.0500,4.45,Eco Mode,4,normal,info,,online,valid,f,7709779a-5089-44d0-bc5a-b35e13049194,1b17a05b-18db-4c6f-80e3-18b47f6cb8c4
2026-07-29 11:22:18.989-07,88.64,23.92,26.89,26.30,0.950,87.23,49.86,0.0800,2.30,Eco Mode,4,normal,info,,online,valid,f,564a8eb2-3c79-41d5-9e00-bbaf8b6c4550,1b17a05b-18db-4c6f-80e3-18b47f6cb8c4
2026-07-29 11:22:19.046-07,49.52,19.06,25.19,18.00,0.560,47.76,36.08,0.0500,6.00,Increase Chiller,0,normal,info,,online,valid,f,f823ff82-b5d3-4c6f-9649-afb27f79db8d,1b17a05b-18db-4c6f-80e3-18b47f6cb8c4
2026-07-29 11:22:19.103-07,74.73,22.93,31.47,22.27,0.860,77.82,48.38,0.1100,1.73,Increase Chiller,0,normal,info,,online,valid,f,98808181-9f81-45c3-aa7c-c9f77f841978,1b17a05b-18db-4c6f-80e3-18b47f6cb8c4
2026-07-29 11:22:19.156-07,55.81,20.05,23.52,22.72,0.730,65.80,41.16,0.1000,1.28,Boost All,3,normal,info,,online,valid,f,3e219ef6-0120-4dbb-80a8-f1867fb791b8,1b17a05b-18db-4c6f-80e3-18b47f6cb8c4
2026-07-29 11:22:19.209-07,50.59,20.63,23.46,21.06,0.660,59.21,37.34,0.0700,2.94,Maintain,2,normal,info,,online,valid,f,dc42d932-09f1-4404-9075-873ebcfcd869,1b17a05b-18db-4c6f-80e3-18b47f6cb8c4
2026-07-29 11:22:19.265-07,94.45,26.76,31.66,22.68,1.040,96.94,66.60,0.1000,1.32,Boost All,3,workload_spike,warning,,online,valid,t,4e1681d0-cc53-47a9-9966-748f0c999728,1b17a05b-18db-4c6f-80e3-18b47f6cb8c4
2026-07-29 11:22:19.321-07,68.49,20.08,20.08,25.68,0.840,71.07,54.91,0.0700,1.68,Eco Mode,4,normal,info,,online,valid,f,34c33219-ca5d-4c4d-bc34-894a13d48b16,1b17a05b-18db-4c6f-80e3-18b47f6cb8c4
2026-07-29 11:22:19.378-07,71.76,23.42,27.87,22.43,0.850,75.68,49.67,0.0700,1.57,Maintain,2,normal,info,,online,valid,f,426855f2-301a-4647-a0bb-cf545633b46b,1b17a05b-18db-4c6f-80e3-18b47f6cb8c4
2026-07-29 11:22:19.432-07,37.59,17.85,18.05,25.47,0.530,32.92,53.24,0.0500,1.47,Eco Mode,4,outlier,warning,,online,valid,t,937ffaab-15b8-4e54-a8bd-605ff8d9967b,1b17a05b-18db-4c6f-80e3-18b47f6cb8c4
2026-07-29 11:22:19.486-07,40.58,17.69,23.61,25.49,0.520,34.40,48.72,0.0700,1.49,Increase Chiller,0,normal,info,,online,valid,f,0fd2ccea-9d37-4ae7-a45a-faba4fd4d0d7,1b17a05b-18db-4c6f-80e3-18b47f6cb8c4
2026-07-29 11:22:19.543-07,53.84,19.07,27.20,27.57,0.650,50.13,50.19,0.0700,3.57,Eco Mode,4,normal,info,,online,valid,f,cd85259a-824d-4b41-92b7-e24b2d8d3820,1b17a05b-18db-4c6f-80e3-18b47f6cb8c4
2026-07-29 11:22:19.599-07,50.65,20.62,25.55,21.63,0.660,52.36,47.81,0.0900,2.37,Maintain,2,normal,info,,online,valid,f,87c4ccaf-bba8-43ec-8a09-077371291bd4,1b17a05b-18db-4c6f-80e3-18b47f6cb8c4
2026-07-29 11:22:19.656-07,50.62,20.09,21.51,26.91,0.670,50.12,52.93,0.0900,2.91,Increase Chiller,0,normal,info,,online,valid,f,6c90a0cf-dae1-4241-87cc-35bd7480f6cd,1b17a05b-18db-4c6f-80e3-18b47f6cb8c4
2026-07-29 11:22:19.712-07,89.01,23.25,30.21,24.33,0.940,86.48,49.13,0.1100,0.33,Boost All,3,normal,info,,online,valid,f,13c8f39d-2751-472e-af28-53c5bc16dc82,1b17a05b-18db-4c6f-80e3-18b47f6cb8c4
2026-07-29 11:22:19.769-07,98.07,25.66,30.78,25.16,1.050,91.69,68.37,0.1100,1.16,Boost All,3,workload_spike,warning,,online,valid,t,32d1f7bc-9072-4877-bc6e-39c1671c6d84,1b17a05b-18db-4c6f-80e3-18b47f6cb8c4
2026-07-29 11:22:19.826-07,25.48,15.87,18.27,23.52,0.500,33.80,45.96,0.0500,0.48,Eco Mode,4,outlier,warning,,online,valid,t,d21fe3ae-f4f3-41b0-95d0-7559d19a868e,1b17a05b-18db-4c6f-80e3-18b47f6cb8c4
2026-07-29 11:22:19.882-07,59.41,19.40,24.38,22.69,0.710,58.54,48.80,0.1000,1.31,Maintain,2,normal,info,,online,valid,f,390a8d1f-8cfe-4df1-82d5-003dbd8177ce,1b17a05b-18db-4c6f-80e3-18b47f6cb8c4
2026-07-29 11:22:19.939-07,66.34,21.66,25.42,28.01,0.900,75.34,60.26,0.1300,4.01,Eco Mode,4,normal,info,,online,valid,f,3401e9a0-9af0-491a-bf3f-01f95ea43822,1b17a05b-18db-4c6f-80e3-18b47f6cb8c4
2026-07-29 11:22:19.991-07,95.42,25.15,30.06,21.13,1.090,96.31,64.74,0.1100,2.87,Boost All,3,workload_spike,warning,,online,valid,t,f233891e-a0fa-4a4d-b1cc-ac75f269f809,1b17a05b-18db-4c6f-80e3-18b47f6cb8c4
2026-07-29 11:22:20.044-07,53.86,20.11,26.25,24.43,0.700,59.31,45.02,0.0600,0.43,Eco Mode,4,normal,info,,online,valid,f,08ce5c50-b269-4ee4-a4ed-1b6d18f71374,1b17a05b-18db-4c6f-80e3-18b47f6cb8c4
2026-07-29 11:22:20.096-07,27.59,16.88,19.23,25.97,0.560,37.12,52.66,0.0800,1.97,Increase Chiller,0,normal,info,,online,valid,f,bbd3afc7-1f0b-46f7-b07b-f0dc66342c22,1b17a05b-18db-4c6f-80e3-18b47f6cb8c4
2026-07-29 11:22:20.153-07,45.87,20.60,21.51,18.00,0.570,48.39,36.44,0.0700,6.00,Maintain,2,normal,info,,online,valid,f,524b9b37-1415-4abf-b5be-607a19372e0a,1b17a05b-18db-4c6f-80e3-18b47f6cb8c4
2026-07-29 11:22:20.206-07,57.77,21.00,24.91,19.86,0.630,54.25,39.25,0.0700,4.14,Maintain,2,normal,info,,online,valid,f,f1291121-7b3e-4cb3-ade2-e932d45b7882,1b17a05b-18db-4c6f-80e3-18b47f6cb8c4
2026-07-29 11:22:20.26-07,65.08,21.21,24.66,25.82,0.730,61.34,48.29,0.0800,1.82,Eco Mode,4,normal,info,,online,valid,f,ebc23172-9d56-4892-a1b7-22d3465210ab,1b17a05b-18db-4c6f-80e3-18b47f6cb8c4
2026-07-29 11:22:20.315-07,73.91,21.80,27.71,21.77,0.780,68.58,46.45,0.0800,2.23,Eco Mode,4,normal,info,,online,valid,f,a385fd66-478b-4d25-aed4-82ecb2fffc0c,1b17a05b-18db-4c6f-80e3-18b47f6cb8c4
2026-07-29 11:22:20.37-07,48.63,19.46,23.89,21.23,0.570,45.57,41.92,0.0600,2.77,Reduce AHU,1,normal,info,,online,valid,f,cd76af4b-db9e-4493-82e1-b7567aee6897,1b17a05b-18db-4c6f-80e3-18b47f6cb8c4
2026-07-29 11:22:20.426-07,86.58,25.73,27.92,23.81,0.950,91.30,44.69,0.1300,0.19,Reduce AHU,1,normal,info,,online,valid,f,0c80043f-b3cc-4a92-9b2f-1d6183c1b627,1b17a05b-18db-4c6f-80e3-18b47f6cb8c4
2026-07-29 11:22:20.483-07,73.43,22.01,26.29,25.60,0.780,65.43,51.38,0.0900,1.60,Boost All,3,normal,info,,online,valid,f,1fc376b2-1ee4-4443-a0d6-c04013a51ed3,1b17a05b-18db-4c6f-80e3-18b47f6cb8c4
2026-07-29 11:22:20.54-07,72.22,22.27,26.03,21.86,0.850,78.57,44.09,0.0800,2.14,Maintain,2,normal,info,,online,valid,f,c1c7dbe5-0e4f-4816-b622-c4152274190d,1b17a05b-18db-4c6f-80e3-18b47f6cb8c4
2026-07-29 11:22:20.596-07,99.75,25.42,31.62,20.86,0.920,93.46,59.30,0.0900,3.14,Boost All,3,workload_spike,warning,,online,valid,t,af3a8d37-7a6a-4186-ba02-6e9822969377,1b17a05b-18db-4c6f-80e3-18b47f6cb8c4
2026-07-29 11:22:20.651-07,100.00,25.22,29.26,18.30,0.970,96.77,39.25,0.0900,5.70,Increase Chiller,0,normal,info,,online,valid,f,27e2bad4-3458-42d4-bfd2-a64c77286256,1b17a05b-18db-4c6f-80e3-18b47f6cb8c4
2026-07-29 11:22:20.708-07,25.48,15.87,18.27,23.52,0.500,33.80,45.96,0.0500,0.48,Eco Mode,4,outlier,warning,,online,valid,t,0ed3c57d-a560-48b6-a6fe-8c12e95b5e93,1b17a05b-18db-4c6f-80e3-18b47f6cb8c4
2026-07-29 11:22:20.761-07,57.69,21.52,26.68,22.48,0.710,61.14,43.88,0.0600,1.52,Boost All,3,normal,info,,online,valid,f,5f8de87f-4b4c-4803-9835-cdc34acb62a5,1b17a05b-18db-4c6f-80e3-18b47f6cb8c4
2026-07-29 11:22:20.815-07,99.70,28.70,35.12,22.74,0.370,21.52,25.06,0.0400,1.26,Increase Chiller,0,cooling_failure,critical,chiller_loop,degraded,valid,t,8d30175d-4740-4353-a286-e193e3e168d3,1b17a05b-18db-4c6f-80e3-18b47f6cb8c4
2026-07-29 11:22:20.873-07,51.56,21.10,24.00,18.00,0.550,45.21,37.93,0.0500,6.00,Increase Chiller,0,normal,info,,online,valid,f,b955e20d-d7c7-421f-a6bf-39e2bd879be1,1b17a05b-18db-4c6f-80e3-18b47f6cb8c4
2026-07-29 11:22:20.926-07,95.59,99.99,28.75,23.45,0.940,90.85,42.26,0.1100,0.55,Boost All,3,sensor_fault,critical,inlet_temperature_sensor,fault,suspect,t,ddf00586-a75c-4026-a93b-82400f3fb195,1b17a05b-18db-4c6f-80e3-18b47f6cb8c4
2026-07-29 11:22:20.982-07,73.05,23.40,27.82,23.48,0.880,78.22,50.62,0.0700,0.52,Boost All,3,normal,info,,online,valid,f,fbfc0be2-8bd3-4b55-a2c6-25b3739f8439,1b17a05b-18db-4c6f-80e3-18b47f6cb8c4
2026-07-29 11:22:21.039-07,53.18,18.21,25.44,22.08,0.730,62.62,46.23,0.0900,1.92,Maintain,2,normal,info,,online,valid,f,1c206d14-3673-4071-aef9-5166f1c8726e,1b17a05b-18db-4c6f-80e3-18b47f6cb8c4
2026-07-29 11:22:21.096-07,95.23,22.90,28.86,24.06,0.990,93.46,49.13,0.1400,0.06,Eco Mode,4,normal,info,,online,valid,f,4f46519c-4bfa-4642-9baa-dbb6dd1f226d,1b17a05b-18db-4c6f-80e3-18b47f6cb8c4
2026-07-29 11:22:21.148-07,32.07,18.37,20.54,26.56,0.470,23.07,56.69,0.0600,2.56,Eco Mode,4,normal,info,,online,valid,f,939e8fd3-ff22-428d-9833-784a42539c4b,1b17a05b-18db-4c6f-80e3-18b47f6cb8c4
2026-07-29 11:22:21.205-07,100.00,24.80,31.17,25.16,1.050,100.00,50.13,0.1500,1.16,Eco Mode,4,outlier,warning,,online,valid,t,0663781f-0072-48d3-a444-eed33d0b6c66,1b17a05b-18db-4c6f-80e3-18b47f6cb8c4
2026-07-29 11:22:21.262-07,29.40,16.79,24.05,26.14,0.500,30.68,51.79,0.0500,2.14,Maintain,2,normal,info,,online,valid,f,c2ca9f95-65d2-41cc-818d-00b1aeae255a,1b17a05b-18db-4c6f-80e3-18b47f6cb8c4
2026-07-29 11:22:21.319-07,64.18,21.01,25.68,26.59,0.810,69.52,50.27,0.0900,2.59,Eco Mode,4,normal,info,,online,valid,f,c5198ce3-66b5-4b54-ba78-bc6a29c185c0,1b17a05b-18db-4c6f-80e3-18b47f6cb8c4
2026-07-29 11:22:21.373-07,96.03,22.29,26.95,27.08,1.080,100.00,56.25,0.1000,3.08,Reduce AHU,1,normal,info,,online,valid,f,3fba4625-b5df-41f8-8247-519c35b3fd44,1b17a05b-18db-4c6f-80e3-18b47f6cb8c4
2026-07-29 11:22:21.43-07,79.06,21.98,26.28,28.90,0.990,85.55,60.63,0.1000,4.90,Reduce AHU,1,normal,info,,online,valid,f,e9fbe43b-c65e-4442-86d2-eb140b987ff3,1b17a05b-18db-4c6f-80e3-18b47f6cb8c4
2026-07-29 11:22:21.482-07,65.92,22.39,29.75,22.17,0.720,60.05,47.01,0.0800,1.83,Reduce AHU,1,normal,info,,online,valid,f,635951b1-c9c5-466a-9451-53c43491a48c,1b17a05b-18db-4c6f-80e3-18b47f6cb8c4
2026-07-29 11:22:21.536-07,32.61,18.05,24.20,25.10,0.540,38.96,45.61,0.0500,1.10,Maintain,2,normal,info,,online,valid,f,3b890e9b-d9ed-46cb-a985-5bcfefc45c93,1b17a05b-18db-4c6f-80e3-18b47f6cb8c4
2026-07-29 11:22:21.592-07,64.01,22.42,29.27,25.21,0.770,64.28,50.73,0.1000,1.21,Boost All,3,normal,info,,online,valid,f,db5dbdc8-035d-42ac-9f5c-19a69659466f,1b17a05b-18db-4c6f-80e3-18b47f6cb8c4
2026-07-29 11:22:21.649-07,71.60,99.99,29.04,24.07,0.740,65.13,43.79,0.0700,0.07,Boost All,3,sensor_fault,critical,inlet_temperature_sensor,fault,suspect,t,b93a0e5f-7a1c-414a-83f8-ffc1dbfdb970,1b17a05b-18db-4c6f-80e3-18b47f6cb8c4
2026-07-29 11:22:21.706-07,73.53,24.18,29.51,21.18,0.850,77.28,45.48,0.0800,2.82,Maintain,2,normal,info,,online,valid,f,2c9dd51d-ccba-4dac-ac38-352acffda730,1b17a05b-18db-4c6f-80e3-18b47f6cb8c4
2026-07-29 11:22:21.763-07,51.16,18.38,25.38,23.73,0.680,56.27,45.96,0.0700,0.27,Eco Mode,4,normal,info,,online,valid,f,22437da7-b20e-49ad-8a58-614ea6d2544c,1b17a05b-18db-4c6f-80e3-18b47f6cb8c4
2026-07-29 11:22:21.819-07,28.03,17.12,21.25,28.36,0.510,30.10,53.83,0.0700,4.36,Maintain,2,normal,info,,online,valid,f,a1fb096d-0130-4a03-94ec-b3fd6eebdf8b,1b17a05b-18db-4c6f-80e3-18b47f6cb8c4
2026-07-29 11:22:21.873-07,89.26,28.60,36.06,23.12,0.450,24.27,30.88,0.0500,0.88,Increase Chiller,0,cooling_failure,critical,chiller_loop,degraded,valid,t,1ded63c6-2951-46b2-88bd-fd32b20c9045,1b17a05b-18db-4c6f-80e3-18b47f6cb8c4
2026-07-29 11:22:21.929-07,94.77,26.34,31.03,22.30,0.950,99.37,66.24,0.1000,1.70,Boost All,3,workload_spike,warning,,online,valid,t,67843a1c-5fca-4b36-99d2-10961e91db23,1b17a05b-18db-4c6f-80e3-18b47f6cb8c4
2026-07-29 11:22:21.986-07,60.45,21.41,27.68,23.29,0.750,62.82,49.96,0.0900,0.71,Increase Chiller,0,normal,info,,online,valid,f,55be9f37-6c20-4293-aa02-56fa2a263325,1b17a05b-18db-4c6f-80e3-18b47f6cb8c4
2026-07-29 11:22:22.041-07,69.16,21.49,23.80,24.61,0.820,68.71,53.99,0.0900,0.61,Maintain,2,normal,info,,online,valid,f,17789b8c-1007-484a-8f6c-311ca72e1411,1b17a05b-18db-4c6f-80e3-18b47f6cb8c4
2026-07-29 11:22:22.099-07,50.21,19.09,23.42,25.47,0.710,57.75,49.10,0.0600,1.47,Increase Chiller,0,normal,info,,online,valid,f,bb08c225-e0f3-4d49-8cc0-b26d3f4c7f2d,1b17a05b-18db-4c6f-80e3-18b47f6cb8c4
2026-07-29 11:22:22.151-07,94.35,27.04,32.07,20.71,1.000,87.46,66.16,0.1000,3.29,Boost All,3,workload_spike,warning,,online,valid,t,3fc2cf0a-9766-4217-abe3-c08faa412c6c,1b17a05b-18db-4c6f-80e3-18b47f6cb8c4
2026-07-29 11:22:22.207-07,92.17,24.35,26.98,22.51,1.010,98.97,43.08,0.0900,1.49,Maintain,2,normal,info,,online,valid,f,503637b9-7241-4342-99be-02c1a212b1bc,1b17a05b-18db-4c6f-80e3-18b47f6cb8c4
2026-07-29 11:22:22.264-07,95.76,29.35,38.03,26.22,0.350,23.17,32.79,0.0400,2.22,Increase Chiller,0,cooling_failure,critical,chiller_loop,degraded,valid,t,e1311f2c-bee0-4b44-9897-3d1826dad0c6,1b17a05b-18db-4c6f-80e3-18b47f6cb8c4
2026-07-29 11:22:22.319-07,64.30,22.76,28.13,24.74,0.710,58.48,48.23,0.0900,0.74,Maintain,2,normal,info,,online,valid,f,c3a47cd6-cc7e-4fcd-8876-57b8c51a686f,1b17a05b-18db-4c6f-80e3-18b47f6cb8c4
2026-07-29 11:22:22.374-07,37.15,18.68,27.76,27.22,0.530,32.78,52.83,0.0700,3.22,Increase Chiller,0,normal,info,,online,valid,f,250aeefa-1936-4a65-92c0-cdf4f9009684,1b17a05b-18db-4c6f-80e3-18b47f6cb8c4
2026-07-29 11:22:22.43-07,56.71,22.69,27.08,20.23,0.620,48.95,44.74,0.0700,3.77,Reduce AHU,1,normal,info,,online,valid,f,c0a547b8-33a5-4ba7-8eae-5bb8b57afb0b,1b17a05b-18db-4c6f-80e3-18b47f6cb8c4
2026-07-29 11:22:22.483-07,63.01,20.28,23.45,21.05,0.770,72.04,39.26,0.1100,2.95,Eco Mode,4,normal,info,,online,valid,f,850eddf6-3449-4d81-98cc-f321f6c4b7e3,1b17a05b-18db-4c6f-80e3-18b47f6cb8c4
2026-07-29 11:22:22.539-07,64.45,21.18,28.50,26.20,0.800,65.13,55.68,0.0700,2.20,Boost All,3,normal,info,,online,valid,f,da8ed760-76b8-492d-b6d8-851096aaf56f,1b17a05b-18db-4c6f-80e3-18b47f6cb8c4
2026-07-29 11:22:22.596-07,49.72,19.83,22.92,25.07,0.590,40.33,52.75,0.0500,1.07,Eco Mode,4,normal,info,,online,valid,f,369f7ba6-98ba-4efd-a5b4-385963086ada,1b17a05b-18db-4c6f-80e3-18b47f6cb8c4
2026-07-29 11:22:22.648-07,47.44,99.99,28.75,27.68,0.620,41.42,56.85,0.0900,3.68,Boost All,3,sensor_fault,critical,inlet_temperature_sensor,fault,suspect,t,9f1301f8-1cec-43df-8e59-41793e0c13ce,1b17a05b-18db-4c6f-80e3-18b47f6cb8c4
2026-07-29 11:22:22.705-07,43.76,20.40,24.15,27.44,0.570,39.45,50.18,0.0700,3.44,Eco Mode,4,normal,info,,online,valid,f,51021d3f-b0c5-4f07-b00a-768b78f31641,1b17a05b-18db-4c6f-80e3-18b47f6cb8c4
2026-07-29 11:22:22.757-07,93.74,22.24,23.90,28.37,1.050,92.38,61.31,0.1300,4.37,Increase Chiller,0,normal,info,,online,valid,f,c34a1b0a-42ac-440a-957a-f3b392098af3,1b17a05b-18db-4c6f-80e3-18b47f6cb8c4
2026-07-29 11:22:22.814-07,100.00,24.98,29.78,24.36,1.020,100.00,44.60,0.1400,0.36,Boost All,3,normal,info,,online,valid,f,7d3b683e-91d6-4e8a-838a-4390010200d7,1b17a05b-18db-4c6f-80e3-18b47f6cb8c4
2026-07-29 11:22:22.87-07,64.94,23.20,25.58,27.05,0.750,61.37,51.69,0.1000,3.05,Reduce AHU,1,normal,info,,online,valid,f,668f43b6-1322-4895-b5c9-e65b2ecf1758,1b17a05b-18db-4c6f-80e3-18b47f6cb8c4
2026-07-29 11:22:22.925-07,60.34,21.23,26.24,19.82,0.710,62.08,43.38,0.0600,4.18,Boost All,3,normal,info,,online,valid,f,4a37aac1-7a36-4c02-8750-7217b7e85c30,1b17a05b-18db-4c6f-80e3-18b47f6cb8c4
2026-07-29 11:22:22.978-07,64.30,22.76,28.13,24.74,0.710,58.48,48.23,0.0900,0.74,Maintain,2,normal,info,,online,valid,f,32be1415-6ba5-4fa7-980b-b981e494a019,1b17a05b-18db-4c6f-80e3-18b47f6cb8c4
2026-07-29 11:22:23.035-07,40.95,18.66,21.51,21.90,0.510,35.14,46.64,0.0600,2.10,Eco Mode,4,normal,info,,online,valid,f,79db77c2-51d6-42b3-b556-9d9318ebaaf9,1b17a05b-18db-4c6f-80e3-18b47f6cb8c4
2026-07-29 11:22:23.089-07,16.83,17.08,21.34,25.44,0.430,20.81,51.70,0.0600,1.44,Reduce AHU,1,normal,info,,online,valid,f,afa0c882-31b9-45fe-9c5e-6591c805e6d4,1b17a05b-18db-4c6f-80e3-18b47f6cb8c4
2026-07-29 11:22:23.146-07,35.21,19.05,21.65,24.62,0.520,36.11,45.83,0.0700,0.62,Boost All,3,normal,info,,online,valid,f,992f46a7-ba5b-4c77-b637-0110012f3e1b,1b17a05b-18db-4c6f-80e3-18b47f6cb8c4
2026-07-29 11:22:23.198-07,76.16,22.11,26.50,18.32,0.730,69.46,34.35,0.1000,5.68,Maintain,2,normal,info,,online,valid,f,1fec5b06-90eb-4e52-b61c-609e43cfcf94,1b17a05b-18db-4c6f-80e3-18b47f6cb8c4
2026-07-29 11:22:23.255-07,81.22,22.80,25.90,24.74,0.970,90.80,48.95,0.0900,0.74,Reduce AHU,1,normal,info,,online,valid,f,37db361a-d8c7-49dc-99b9-67d9a9f4ad78,1b17a05b-18db-4c6f-80e3-18b47f6cb8c4
2026-07-29 11:22:23.31-07,60.52,20.95,24.26,21.48,0.650,54.20,43.32,0.0800,2.52,Boost All,3,normal,info,,online,valid,f,16f257ac-755d-467a-bd8b-b41e9932eca2,1b17a05b-18db-4c6f-80e3-18b47f6cb8c4
2026-07-29 11:22:23.367-07,52.22,21.26,28.53,29.99,0.750,54.07,62.71,0.0900,5.99,Reduce AHU,1,normal,info,,online,valid,f,720e4967-98ea-40f9-acc8-48b452f431a4,1b17a05b-18db-4c6f-80e3-18b47f6cb8c4
2026-07-29 11:22:23.424-07,59.27,19.92,25.42,21.86,0.690,61.09,39.97,0.0800,2.14,Increase Chiller,0,normal,info,,online,valid,f,2f362653-f80b-4971-b56e-d1f7c0717a95,1b17a05b-18db-4c6f-80e3-18b47f6cb8c4
2026-07-29 11:22:23.478-07,62.16,23.14,28.01,22.36,0.700,60.78,41.86,0.0600,1.64,Boost All,3,normal,info,,online,valid,f,52385c39-df0e-4774-9c91-b619be7d707e,1b17a05b-18db-4c6f-80e3-18b47f6cb8c4
2026-07-29 11:22:23.535-07,62.75,21.19,25.64,24.03,0.750,62.45,49.64,0.1100,0.03,Eco Mode,4,normal,info,,online,valid,f,f52d14b9-4b75-4217-8843-de8763328e6b,1b17a05b-18db-4c6f-80e3-18b47f6cb8c4
2026-07-29 11:22:23.592-07,54.44,21.33,28.31,24.18,0.680,51.76,53.03,0.1000,0.18,Reduce AHU,1,normal,info,,online,valid,f,d64e9eda-b02b-4924-a8c0-248c864661d9,1b17a05b-18db-4c6f-80e3-18b47f6cb8c4
2026-07-29 11:22:23.648-07,58.85,22.23,22.23,21.40,0.730,67.24,39.23,0.0700,2.60,Maintain,2,normal,info,,online,valid,f,a1772c0b-e880-492e-946d-f0d5ece0f3d2,1b17a05b-18db-4c6f-80e3-18b47f6cb8c4
2026-07-29 11:22:23.7-07,64.38,20.44,31.53,18.00,0.760,73.68,35.03,0.1000,6.00,Maintain,2,normal,info,,online,valid,f,50d92635-fa81-45f3-87a3-d712d99934be,1b17a05b-18db-4c6f-80e3-18b47f6cb8c4
2026-07-29 11:22:23.757-07,73.53,22.97,28.70,21.69,0.790,71.85,43.29,0.1000,2.31,Reduce AHU,1,normal,info,,online,valid,f,5c98cd1a-1a1c-4dd0-b5ac-b9d8e29aec5f,1b17a05b-18db-4c6f-80e3-18b47f6cb8c4
2026-07-29 11:22:23.813-07,98.25,24.54,29.70,23.52,1.040,100.00,47.38,0.1000,0.48,Maintain,2,normal,info,,online,valid,f,d943b98e-81d8-4b1a-a784-aa8a1058ee71,1b17a05b-18db-4c6f-80e3-18b47f6cb8c4
2026-07-29 11:22:23.866-07,85.05,23.71,29.90,23.78,0.930,86.89,46.74,0.1100,0.22,Boost All,3,normal,info,,online,valid,f,fd6b4500-13c1-47cd-987c-49c87cd14d87,1b17a05b-18db-4c6f-80e3-18b47f6cb8c4
2026-07-29 11:22:23.923-07,98.57,27.18,34.04,28.74,1.050,87.69,68.74,0.1100,4.74,Boost All,3,workload_spike,warning,,online,valid,t,d12a1440-727b-469b-b55f-8ef67361d28b,1b17a05b-18db-4c6f-80e3-18b47f6cb8c4
2026-07-29 11:22:23.979-07,69.96,23.94,26.94,18.88,0.820,77.53,40.06,0.0700,5.12,Eco Mode,4,normal,info,,online,valid,f,2fa05b44-1f9d-44db-abcf-6602bc2cd07e,1b17a05b-18db-4c6f-80e3-18b47f6cb8c4
2026-07-29 11:22:24.036-07,58.87,19.43,23.44,18.00,0.630,58.80,32.70,0.0600,6.00,Boost All,3,normal,info,,online,valid,f,147af733-80d3-4254-9b57-9df58cb85b7b,1b17a05b-18db-4c6f-80e3-18b47f6cb8c4
2026-07-29 11:22:24.09-07,41.83,18.53,19.88,21.41,0.520,38.82,41.56,0.0600,2.59,Increase Chiller,0,normal,info,,online,valid,f,4ec01109-0b22-4484-ad28-9daac1effcf4,1b17a05b-18db-4c6f-80e3-18b47f6cb8c4
2026-07-29 11:22:24.143-07,43.80,19.59,24.90,27.19,0.600,40.86,54.77,0.0800,3.19,Boost All,3,normal,info,,online,valid,f,d9789caa-2930-466d-892d-dc4d70a41dc3,1b17a05b-18db-4c6f-80e3-18b47f6cb8c4
2026-07-29 11:22:24.196-07,100.00,23.64,27.03,18.04,0.930,93.53,37.01,0.0900,5.96,Boost All,3,normal,info,,online,valid,f,6cd0355b-5b9d-4d31-85f3-7eeb8d4850df,1b17a05b-18db-4c6f-80e3-18b47f6cb8c4
2026-07-29 11:22:24.253-07,89.36,29.79,36.73,28.84,0.450,23.74,26.74,0.0500,4.84,Increase Chiller,0,cooling_failure,critical,chiller_loop,degraded,valid,t,ba69048d-2c45-4689-8679-1dcb40c32fc4,1b17a05b-18db-4c6f-80e3-18b47f6cb8c4
2026-07-29 11:22:24.305-07,93.46,24.50,26.98,18.98,0.980,100.00,35.43,0.1000,5.02,Increase Chiller,0,normal,info,,online,valid,f,07cff79c-b784-47a8-9858-c9fa420ff317,1b17a05b-18db-4c6f-80e3-18b47f6cb8c4
2026-07-29 11:22:24.357-07,100.00,25.88,32.13,18.00,0.920,94.48,33.04,0.0800,6.00,Boost All,3,normal,info,,online,valid,f,a74b3056-586a-4232-adf0-630803759cc0,1b17a05b-18db-4c6f-80e3-18b47f6cb8c4
2026-07-29 11:22:24.411-07,53.22,22.56,31.72,21.59,0.620,52.99,39.71,0.0700,2.41,Boost All,3,normal,info,,online,valid,f,efbb73d2-f1c0-4f8f-a8a0-24f09b810ab6,1b17a05b-18db-4c6f-80e3-18b47f6cb8c4
2026-07-29 11:22:24.468-07,82.48,23.26,34.93,22.95,0.960,88.15,50.70,0.1200,1.05,Boost All,3,outlier,warning,,online,valid,t,fa99d25c-ac4d-473a-aacc-082c98eb1188,1b17a05b-18db-4c6f-80e3-18b47f6cb8c4
2026-07-29 11:22:24.524-07,64.46,22.72,29.93,28.61,0.730,57.80,52.55,0.1100,4.61,Increase Chiller,0,normal,info,,online,valid,f,dddf1912-82bd-4790-8997-aa9bc5d66f1f,1b17a05b-18db-4c6f-80e3-18b47f6cb8c4
2026-07-29 11:22:24.58-07,80.89,24.65,33.12,20.62,0.890,83.79,43.02,0.0800,3.38,Reduce AHU,1,normal,info,,online,valid,f,c2cc9327-7448-4cb3-9156-34d67706394f,1b17a05b-18db-4c6f-80e3-18b47f6cb8c4
2026-07-29 11:22:24.632-07,57.08,19.01,23.98,26.27,0.780,64.28,53.85,0.0800,2.27,Maintain,2,normal,info,,online,valid,f,2d4771f8-5340-489f-8993-0e0b8d77cfc4,1b17a05b-18db-4c6f-80e3-18b47f6cb8c4
2026-07-29 11:22:24.689-07,83.87,23.73,28.38,34.38,0.950,76.06,68.99,0.0800,10.38,Eco Mode,4,outlier,warning,,online,valid,t,44c91892-a031-4d74-86f0-b98dbd24a94c,1b17a05b-18db-4c6f-80e3-18b47f6cb8c4
2026-07-29 11:22:24.742-07,83.11,29.18,36.09,27.08,0.410,23.55,33.96,0.0500,3.08,Increase Chiller,0,cooling_failure,critical,chiller_loop,degraded,valid,t,6ebfc21c-9d18-46e4-9670-00908e5b4bda,1b17a05b-18db-4c6f-80e3-18b47f6cb8c4
2026-07-29 11:22:24.798-07,50.55,19.72,26.71,28.97,0.600,41.10,54.98,0.0600,4.97,Maintain,2,normal,info,,online,valid,f,e80be07d-c567-4ccb-880a-1e02106745c0,1b17a05b-18db-4c6f-80e3-18b47f6cb8c4
2026-07-29 11:22:24.855-07,84.93,22.65,32.00,23.68,0.990,94.80,46.14,0.1500,0.32,Reduce AHU,1,outlier,warning,,online,valid,t,032a8d9c-757b-443e-b2b7-148430dcbddb,1b17a05b-18db-4c6f-80e3-18b47f6cb8c4
2026-07-29 11:22:24.907-07,49.33,19.32,20.88,19.73,0.610,55.00,34.81,0.0800,4.27,Increase Chiller,0,normal,info,,online,valid,f,c9a3b184-4294-42ca-92dc-54c6ba7c910b,1b17a05b-18db-4c6f-80e3-18b47f6cb8c4
2026-07-29 11:22:24.959-07,99.74,25.73,30.38,24.66,0.940,88.61,63.94,0.0900,0.66,Boost All,3,workload_spike,warning,,online,valid,t,d84ee77a-b736-406b-a538-8397fa8f0684,1b17a05b-18db-4c6f-80e3-18b47f6cb8c4
2026-07-29 11:22:25.012-07,68.84,23.50,28.76,18.10,0.810,76.42,39.60,0.1200,5.90,Increase Chiller,0,normal,info,,online,valid,f,1586cfe0-c001-4e8f-a432-33f9247b5432,1b17a05b-18db-4c6f-80e3-18b47f6cb8c4
2026-07-29 11:22:25.068-07,51.50,99.99,23.48,22.63,0.630,52.24,42.17,0.0900,1.37,Maintain,2,sensor_fault,critical,inlet_temperature_sensor,fault,suspect,t,00cce15d-83c4-42fa-8119-386b179332cb,1b17a05b-18db-4c6f-80e3-18b47f6cb8c4
2026-07-29 11:22:25.123-07,57.44,99.99,25.80,22.78,0.690,56.68,47.48,0.0700,1.22,Reduce AHU,1,sensor_fault,critical,inlet_temperature_sensor,fault,suspect,t,df20fc4b-7640-4c4f-bf84-53fff5e38816,1b17a05b-18db-4c6f-80e3-18b47f6cb8c4
2026-07-29 11:22:25.179-07,70.86,23.12,29.59,20.68,0.820,78.04,40.02,0.0700,3.32,Increase Chiller,0,normal,info,,online,valid,f,a44ed4d8-cbab-42b5-b3d2-506b14a9f7d7,1b17a05b-18db-4c6f-80e3-18b47f6cb8c4
2026-07-29 11:22:25.232-07,100.00,24.93,29.38,24.27,1.040,99.31,49.56,0.0900,0.27,Eco Mode,4,normal,info,,online,valid,f,3ea2cb12-e605-453d-a90e-5e30fb535862,1b17a05b-18db-4c6f-80e3-18b47f6cb8c4
2026-07-29 11:22:25.288-07,35.88,17.21,24.68,24.30,0.570,41.73,48.22,0.0500,0.30,Boost All,3,normal,info,,online,valid,f,ad2553e7-e4b5-4147-bcd2-862475d12207,1b17a05b-18db-4c6f-80e3-18b47f6cb8c4
2026-07-29 11:22:25.344-07,46.26,19.68,26.76,24.73,0.610,43.68,53.03,0.0700,0.73,Eco Mode,4,normal,info,,online,valid,f,9b3d0ccb-752f-48bc-ac5d-4b2c4373c67c,1b17a05b-18db-4c6f-80e3-18b47f6cb8c4
2026-07-29 11:22:25.396-07,86.58,25.73,27.92,23.81,0.950,91.30,44.69,0.1300,0.19,Reduce AHU,1,normal,info,,online,valid,f,796c6b13-82b1-442e-a990-b755b454a207,1b17a05b-18db-4c6f-80e3-18b47f6cb8c4
2026-07-29 11:22:25.453-07,45.74,18.16,23.69,21.47,0.640,53.34,42.14,0.0700,2.53,Increase Chiller,0,normal,info,,online,valid,f,75b4321b-962e-463b-b744-2a4988b9fd4e,1b17a05b-18db-4c6f-80e3-18b47f6cb8c4
2026-07-29 11:22:25.507-07,59.52,22.42,28.57,18.00,0.720,68.39,34.80,0.1000,6.00,Boost All,3,normal,info,,online,valid,f,5986d4b4-4c41-43b4-8255-d4944f4e0b7b,1b17a05b-18db-4c6f-80e3-18b47f6cb8c4
2026-07-29 11:22:25.56-07,79.78,25.03,27.01,23.75,0.840,76.01,46.70,0.1100,0.25,Increase Chiller,0,normal,info,,online,valid,f,434f3c3f-a8ef-441e-951c-6895e0b39531,1b17a05b-18db-4c6f-80e3-18b47f6cb8c4
2026-07-29 11:22:25.616-07,58.02,20.93,24.45,29.14,0.750,59.02,55.93,0.0600,5.14,Reduce AHU,1,normal,info,,online,valid,f,da3a1c1c-a72d-4004-a3a8-8980dce51960,1b17a05b-18db-4c6f-80e3-18b47f6cb8c4
2026-07-29 11:22:25.673-07,89.03,26.48,31.16,22.04,0.860,83.32,39.18,0.1100,1.96,Eco Mode,4,normal,info,,online,valid,f,9c8c1dca-28c7-4501-abc8-585b3c48a19a,1b17a05b-18db-4c6f-80e3-18b47f6cb8c4
2026-07-29 11:22:25.726-07,77.06,22.68,25.67,26.36,0.950,83.80,55.38,0.1000,2.36,Boost All,3,normal,info,,online,valid,f,7f51a762-eb41-44d2-963e-e33c2df33d45,1b17a05b-18db-4c6f-80e3-18b47f6cb8c4
2026-07-29 11:22:25.783-07,72.92,21.52,29.48,25.46,0.920,81.18,53.54,0.1000,1.46,Boost All,3,normal,info,,online,valid,f,9a90b5da-3567-423d-b699-eec1db66575b,1b17a05b-18db-4c6f-80e3-18b47f6cb8c4
2026-07-29 11:22:25.839-07,21.37,19.20,25.96,19.77,0.370,22.68,38.08,0.0400,4.23,Eco Mode,4,normal,info,,online,valid,f,4e723901-01ff-47ab-82c0-12de4906d00f,1b17a05b-18db-4c6f-80e3-18b47f6cb8c4
2026-07-29 11:22:25.896-07,56.19,19.72,22.48,26.45,0.690,54.39,51.73,0.0800,2.45,Boost All,3,normal,info,,online,valid,f,36a0a52d-1546-4b98-988f-3f817b9a9c97,1b17a05b-18db-4c6f-80e3-18b47f6cb8c4
2026-07-29 11:22:25.949-07,63.22,21.23,25.88,22.97,0.680,56.71,45.97,0.0900,1.03,Boost All,3,normal,info,,online,valid,f,87227d5f-1c9d-46e0-abd7-ccfabd1e9623,1b17a05b-18db-4c6f-80e3-18b47f6cb8c4
2026-07-29 11:22:26.006-07,49.72,19.74,27.59,19.86,0.590,50.14,38.52,0.0800,4.14,Boost All,3,normal,info,,online,valid,f,9f4d4116-9561-4016-b29b-3bc174c77081,1b17a05b-18db-4c6f-80e3-18b47f6cb8c4
2026-07-29 11:22:26.059-07,73.70,22.01,27.59,25.42,0.750,64.44,46.04,0.1100,1.42,Maintain,2,normal,info,,online,valid,f,f02fd5ac-1eb6-4500-b021-f6bf7700c81e,1b17a05b-18db-4c6f-80e3-18b47f6cb8c4
2026-07-29 11:22:26.115-07,94.35,24.81,31.31,23.78,1.040,85.68,61.51,0.1000,0.22,Boost All,3,workload_spike,warning,,online,valid,t,7e2f1917-d475-4d84-a7d6-be588a2b3a3d,1b17a05b-18db-4c6f-80e3-18b47f6cb8c4
2026-07-29 11:22:26.172-07,56.74,20.67,27.23,25.53,0.640,47.41,53.02,0.0600,1.53,Reduce AHU,1,normal,info,,online,valid,f,303af2b2-2761-4b2c-b4b3-69a977a180a5,1b17a05b-18db-4c6f-80e3-18b47f6cb8c4
2026-07-29 11:22:26.224-07,34.50,19.06,23.10,25.35,0.470,24.91,53.83,0.0500,1.35,Maintain,2,normal,info,,online,valid,f,5cfdf962-9271-40e2-91ef-e094341065d5,1b17a05b-18db-4c6f-80e3-18b47f6cb8c4
2026-07-29 11:22:26.278-07,49.95,20.21,23.25,21.78,0.700,59.75,43.64,0.0600,2.22,Eco Mode,4,normal,info,,online,valid,f,1a424646-2adf-42f0-98d3-1fd4be91f5ef,1b17a05b-18db-4c6f-80e3-18b47f6cb8c4
2026-07-29 11:22:26.335-07,42.70,19.13,24.87,22.29,0.540,41.55,40.62,0.0700,1.71,Reduce AHU,1,normal,info,,online,valid,f,e2fc49f4-9f4c-41a1-aac5-c32516a62579,1b17a05b-18db-4c6f-80e3-18b47f6cb8c4
2026-07-29 11:22:26.392-07,61.60,20.68,24.06,25.92,0.680,53.78,49.06,0.0600,1.92,Maintain,2,normal,info,,online,valid,f,4967a975-f6dd-460b-873e-b31c7449d650,1b17a05b-18db-4c6f-80e3-18b47f6cb8c4
2026-07-29 11:22:26.448-07,53.39,19.50,25.46,24.30,0.690,56.00,48.99,0.0800,0.30,Maintain,2,normal,info,,online,valid,f,04fc4c70-c9ea-4521-8f16-f1f0a9eb3c2f,1b17a05b-18db-4c6f-80e3-18b47f6cb8c4
2026-07-29 11:22:26.505-07,76.40,99.99,29.76,25.92,0.890,75.85,56.67,0.1000,1.92,Maintain,2,sensor_fault,critical,inlet_temperature_sensor,fault,suspect,t,8ef0825b-6b0c-4dda-ab59-2b39fa9cc8b4,1b17a05b-18db-4c6f-80e3-18b47f6cb8c4
2026-07-29 11:22:26.561-07,36.24,18.45,25.28,24.54,0.520,37.50,44.49,0.0600,0.54,Eco Mode,4,normal,info,,online,valid,f,be61a101-f67d-4565-ab68-8c5c34d87dfb,1b17a05b-18db-4c6f-80e3-18b47f6cb8c4
2026-07-29 11:22:26.615-07,35.76,18.42,23.01,31.76,0.560,31.38,61.13,0.0600,7.76,Boost All,3,outlier,warning,,online,valid,t,b3acfc22-b97f-4fb2-82a6-17607520fda5,1b17a05b-18db-4c6f-80e3-18b47f6cb8c4
2026-07-29 11:22:26.668-07,95.73,23.44,28.12,22.99,0.970,94.84,42.28,0.1500,1.01,Boost All,3,outlier,warning,,online,valid,t,c49700ca-f508-45fc-a3ae-8176b2ece674,1b17a05b-18db-4c6f-80e3-18b47f6cb8c4
2026-07-29 11:22:26.724-07,34.41,16.87,18.63,24.01,0.590,43.67,47.27,0.0800,0.01,Maintain,2,normal,info,,online,valid,f,449216fa-a152-4614-9ed9-2ed23eff57fe,1b17a05b-18db-4c6f-80e3-18b47f6cb8c4
2026-07-29 11:22:26.779-07,88.16,22.84,26.57,23.46,0.890,78.56,51.35,0.0800,0.54,Increase Chiller,0,normal,info,,online,valid,f,6ee36292-4e62-4a0c-8d38-44abd10e9ade,1b17a05b-18db-4c6f-80e3-18b47f6cb8c4
2026-07-29 11:22:26.833-07,98.25,24.54,29.70,23.52,1.040,100.00,47.38,0.1000,0.48,Maintain,2,normal,info,,online,valid,f,162a5c37-bae7-4d3e-99e0-049031505d68,1b17a05b-18db-4c6f-80e3-18b47f6cb8c4
2026-07-29 11:22:26.889-07,95.88,29.24,37.57,21.50,0.330,23.78,28.04,0.0400,2.50,Increase Chiller,0,cooling_failure,critical,chiller_loop,degraded,valid,t,d81d3875-ef79-4f74-bcaa-91a7049898ce,1b17a05b-18db-4c6f-80e3-18b47f6cb8c4
2026-07-29 11:22:26.941-07,59.32,21.75,29.43,31.92,0.720,51.67,61.79,0.0600,7.92,Eco Mode,4,outlier,warning,,online,valid,t,26caac8c-3bcd-4ff6-91db-c00461952cff,1b17a05b-18db-4c6f-80e3-18b47f6cb8c4
2026-07-29 11:22:26.997-07,66.15,20.89,26.18,23.00,0.710,62.52,42.05,0.1000,1.00,Eco Mode,4,normal,info,,online,valid,f,773ff665-644b-44ba-8636-d9ea129afc6f,1b17a05b-18db-4c6f-80e3-18b47f6cb8c4
2026-07-29 11:22:27.054-07,41.69,19.72,25.40,22.71,0.490,31.99,47.13,0.0500,1.29,Eco Mode,4,normal,info,,online,valid,f,e0d224d2-98e3-4587-9ea3-367440dd9ad3,1b17a05b-18db-4c6f-80e3-18b47f6cb8c4
2026-07-29 11:22:27.107-07,100.00,24.80,31.17,25.16,1.050,100.00,50.13,0.1500,1.16,Eco Mode,4,outlier,warning,,online,valid,t,a03e4481-f353-4d09-a1c1-27f67957da0d,1b17a05b-18db-4c6f-80e3-18b47f6cb8c4
2026-07-29 11:22:27.159-07,66.15,20.89,26.18,23.00,0.710,62.52,42.05,0.1000,1.00,Eco Mode,4,normal,info,,online,valid,f,d56e4632-1242-47dd-b781-c24027959467,1b17a05b-18db-4c6f-80e3-18b47f6cb8c4
2026-07-29 11:22:27.215-07,31.96,18.14,20.80,22.89,0.540,37.98,46.81,0.0800,1.11,Boost All,3,normal,info,,online,valid,f,1a0c55d9-dc19-40db-b637-fc02c169f831,1b17a05b-18db-4c6f-80e3-18b47f6cb8c4
2026-07-29 11:22:27.272-07,94.35,28.21,34.78,23.86,0.410,22.46,28.23,0.0500,0.14,Increase Chiller,0,cooling_failure,critical,chiller_loop,degraded,valid,t,bed6c716-2012-43cf-97da-efe538419209,1b17a05b-18db-4c6f-80e3-18b47f6cb8c4
2026-07-29 11:22:27.326-07,53.85,20.30,24.09,25.32,0.630,47.92,50.24,0.0700,1.32,Maintain,2,normal,info,,online,valid,f,d55bbd1c-e55f-40fc-8e20-196ac314743d,1b17a05b-18db-4c6f-80e3-18b47f6cb8c4
2026-07-29 11:22:27.382-07,47.58,99.99,22.49,25.71,0.640,49.03,49.41,0.0700,1.71,Reduce AHU,1,sensor_fault,critical,inlet_temperature_sensor,fault,suspect,t,dec4152b-4675-4882-b091-a52fa766497d,1b17a05b-18db-4c6f-80e3-18b47f6cb8c4
2026-07-29 11:22:27.439-07,100.00,27.44,35.07,19.26,0.990,100.00,37.39,0.1300,4.74,Increase Chiller,0,outlier,warning,,online,valid,t,51b8c846-91f9-4936-998f-3f319ba01a11,1b17a05b-18db-4c6f-80e3-18b47f6cb8c4
2026-07-29 11:22:27.491-07,100.00,26.21,28.71,25.51,1.040,99.33,48.23,0.1200,1.51,Boost All,3,normal,info,,online,valid,f,9ef691e5-6c9d-4f30-80da-b46fc915935a,1b17a05b-18db-4c6f-80e3-18b47f6cb8c4
2026-07-29 11:22:27.547-07,73.54,23.97,30.64,24.37,0.780,66.39,49.27,0.0900,0.37,Increase Chiller,0,normal,info,,online,valid,f,9d5d4edb-930f-4314-a033-525a7bd31971,1b17a05b-18db-4c6f-80e3-18b47f6cb8c4
2026-07-29 11:22:27.604-07,73.72,23.52,29.86,28.27,0.810,65.52,56.47,0.1100,4.27,Maintain,2,normal,info,,online,valid,f,a1855d48-2281-4a4c-b533-79471e731f60,1b17a05b-18db-4c6f-80e3-18b47f6cb8c4
2026-07-29 11:22:27.659-07,76.99,22.47,25.97,25.47,0.950,84.34,55.60,0.1300,1.47,Maintain,2,normal,info,,online,valid,f,6f605b75-da50-432f-9179-c912c49d3bb9,1b17a05b-18db-4c6f-80e3-18b47f6cb8c4
2026-07-29 11:22:27.716-07,93.40,29.76,36.45,22.24,0.400,18.67,27.78,0.0500,1.76,Increase Chiller,0,cooling_failure,critical,chiller_loop,degraded,valid,t,1a0c6ecc-4402-4efb-a870-2c6de67947fb,1b17a05b-18db-4c6f-80e3-18b47f6cb8c4
2026-07-29 11:22:27.773-07,56.49,21.52,28.44,31.47,0.740,55.04,59.49,0.0900,7.47,Increase Chiller,0,outlier,warning,,online,valid,t,727b7b0e-013f-4136-be7a-29ae813537b5,1b17a05b-18db-4c6f-80e3-18b47f6cb8c4
2026-07-29 11:22:27.829-07,45.93,19.64,21.95,26.95,0.610,41.01,55.71,0.0500,2.95,Increase Chiller,0,normal,info,,online,valid,f,6b38d7c1-ebfb-4453-867e-c34dfcf0e3e4,1b17a05b-18db-4c6f-80e3-18b47f6cb8c4
2026-07-29 11:22:27.886-07,98.06,27.35,34.07,26.19,0.950,90.27,69.13,0.1000,2.19,Boost All,3,workload_spike,warning,,online,valid,t,5a94441d-fbef-42a4-99ee-31fa59006661,1b17a05b-18db-4c6f-80e3-18b47f6cb8c4
2026-07-29 11:22:27.94-07,57.00,20.80,25.15,22.80,0.660,56.46,42.39,0.0700,1.20,Eco Mode,4,normal,info,,online,valid,f,ba598d70-a1c9-45d0-afa6-32caa8efe521,1b17a05b-18db-4c6f-80e3-18b47f6cb8c4
2026-07-29 11:22:27.997-07,51.98,20.55,25.14,19.95,0.570,45.35,41.72,0.0500,4.05,Eco Mode,4,normal,info,,online,valid,f,90a1cfc7-7cc0-483b-bf05-2bc13ebd144c,1b17a05b-18db-4c6f-80e3-18b47f6cb8c4
2026-07-29 11:22:28.054-07,51.42,19.94,27.89,21.63,0.600,48.33,41.93,0.0500,2.37,Boost All,3,normal,info,,online,valid,f,393175e5-0487-4264-b563-6d2f5db21c69,1b17a05b-18db-4c6f-80e3-18b47f6cb8c4
2026-07-29 11:22:28.107-07,96.98,26.66,32.41,25.11,1.030,100.00,45.45,0.1000,1.11,Maintain,2,normal,info,,online,valid,f,40536fbb-0ed8-4185-8bd6-5c06ce96785d,1b17a05b-18db-4c6f-80e3-18b47f6cb8c4
2026-07-29 11:22:28.163-07,75.13,22.90,31.56,27.88,0.930,81.31,56.18,0.1100,3.88,Boost All,3,normal,info,,online,valid,f,a67209c0-bc9f-4b5d-b2ec-a18a03bf924f,1b17a05b-18db-4c6f-80e3-18b47f6cb8c4
2026-07-29 11:22:28.216-07,53.39,19.50,25.46,24.30,0.690,56.00,48.99,0.0800,0.30,Maintain,2,normal,info,,online,valid,f,3841c81b-174a-420b-83bd-264117ff3260,1b17a05b-18db-4c6f-80e3-18b47f6cb8c4
2026-07-29 11:22:28.272-07,64.28,21.21,24.59,23.18,0.660,54.51,44.14,0.0800,0.82,Boost All,3,normal,info,,online,valid,f,5552c438-65c6-4dfb-bc63-82a532b92e6b,1b17a05b-18db-4c6f-80e3-18b47f6cb8c4
2026-07-29 11:22:28.327-07,65.98,20.52,24.69,21.39,0.830,75.33,45.88,0.0700,2.61,Eco Mode,4,normal,info,,online,valid,f,e0d55ac7-d453-46b1-a02a-ddde2bf84df4,1b17a05b-18db-4c6f-80e3-18b47f6cb8c4
2026-07-29 11:22:28.381-07,69.03,21.95,28.92,24.65,0.860,77.93,46.75,0.0800,0.65,Boost All,3,normal,info,,online,valid,f,8eb843ed-18ff-4b2b-bb26-7c91d5d566f9,1b17a05b-18db-4c6f-80e3-18b47f6cb8c4
2026-07-29 11:22:28.436-07,77.18,22.38,29.74,25.51,0.820,67.98,54.81,0.1000,1.51,Reduce AHU,1,normal,info,,online,valid,f,18e2293a-e985-40b2-b3d8-4e585459233c,1b17a05b-18db-4c6f-80e3-18b47f6cb8c4
2026-07-29 11:22:28.491-07,66.39,22.83,24.92,22.01,0.690,58.10,45.58,0.1000,1.99,Eco Mode,4,normal,info,,online,valid,f,71595404-7c0e-458e-8c3b-2922c8d53222,1b17a05b-18db-4c6f-80e3-18b47f6cb8c4
2026-07-29 11:22:28.544-07,88.91,29.14,36.56,25.20,0.350,23.41,32.74,0.0400,1.20,Increase Chiller,0,cooling_failure,critical,chiller_loop,degraded,valid,t,fd6927bb-cac8-4a81-83a7-e0c6117192e2,1b17a05b-18db-4c6f-80e3-18b47f6cb8c4
2026-07-29 11:22:28.601-07,40.16,20.06,26.44,21.28,0.530,40.49,41.81,0.0500,2.72,Boost All,3,normal,info,,online,valid,f,9fc29467-7593-4667-b9a9-3a5a0a094c45,1b17a05b-18db-4c6f-80e3-18b47f6cb8c4
2026-07-29 11:22:28.658-07,60.85,21.57,30.23,22.88,0.760,66.47,45.79,0.0900,1.12,Maintain,2,normal,info,,online,valid,f,635a4150-e8ee-48cb-bba9-0c015f19544e,1b17a05b-18db-4c6f-80e3-18b47f6cb8c4
2026-07-29 11:22:28.714-07,58.71,20.10,28.67,22.39,0.630,53.17,41.54,0.0600,1.61,Boost All,3,normal,info,,online,valid,f,1b8a0881-6ff1-4888-881c-99db45ed8ded,1b17a05b-18db-4c6f-80e3-18b47f6cb8c4
2026-07-29 11:22:28.771-07,35.78,17.11,20.54,19.20,0.440,29.00,40.73,0.0600,4.80,Reduce AHU,1,normal,info,,online,valid,f,b8c3a40f-da47-4200-b94d-e9923b188e9d,1b17a05b-18db-4c6f-80e3-18b47f6cb8c4
2026-07-29 11:22:28.828-07,84.07,25.07,34.15,29.52,0.950,84.35,55.31,0.1100,5.52,Maintain,2,normal,info,,online,valid,f,3d40a772-2a73-4f08-a926-5ada48aa192a,1b17a05b-18db-4c6f-80e3-18b47f6cb8c4
2026-07-29 11:22:28.882-07,69.01,22.01,26.20,22.74,0.780,72.27,41.01,0.1000,1.26,Reduce AHU,1,normal,info,,online,valid,f,3cacef9e-6a0b-46e7-a274-bad1aa250053,1b17a05b-18db-4c6f-80e3-18b47f6cb8c4
2026-07-29 11:22:28.939-07,93.39,25.21,29.76,19.59,0.980,96.17,42.48,0.1400,4.41,Maintain,2,normal,info,,online,valid,f,41249d80-84b8-46b7-9fb1-d8011403e69a,1b17a05b-18db-4c6f-80e3-18b47f6cb8c4
2026-07-29 11:22:28.992-07,75.56,21.73,27.30,28.14,0.840,73.26,51.38,0.0700,4.14,Eco Mode,4,normal,info,,online,valid,f,d29a4172-40cb-42e5-9b8c-7b5814f10970,1b17a05b-18db-4c6f-80e3-18b47f6cb8c4
2026-07-29 11:22:29.049-07,66.54,20.83,27.73,20.50,0.760,71.86,36.78,0.0900,3.50,Reduce AHU,1,normal,info,,online,valid,f,73434fa1-9489-4536-a6e6-908ffd7e1a69,1b17a05b-18db-4c6f-80e3-18b47f6cb8c4
2026-07-29 11:22:29.104-07,65.89,20.71,25.81,22.50,0.830,75.17,44.76,0.0900,1.50,Reduce AHU,1,normal,info,,online,valid,f,eb4159ce-f60a-46f8-82b4-aa099d38c5cf,1b17a05b-18db-4c6f-80e3-18b47f6cb8c4
2026-07-29 11:22:29.159-07,85.20,29.91,37.15,21.62,0.440,17.68,34.16,0.0500,2.38,Increase Chiller,0,cooling_failure,critical,chiller_loop,degraded,valid,t,d5c8f293-650a-41ab-a86f-4f8ec77e6c9f,1b17a05b-18db-4c6f-80e3-18b47f6cb8c4
2026-07-29 11:22:29.216-07,58.08,20.57,27.00,23.68,0.650,53.06,45.99,0.0700,0.32,Maintain,2,normal,info,,online,valid,f,2dc40d44-0503-4083-8ee4-f5694ae81697,1b17a05b-18db-4c6f-80e3-18b47f6cb8c4
2026-07-29 11:22:29.272-07,50.04,19.60,24.93,18.83,0.610,51.90,39.50,0.0700,5.17,Reduce AHU,1,normal,info,,online,valid,f,947de07c-d31a-43f7-8c2a-51f4e998f173,1b17a05b-18db-4c6f-80e3-18b47f6cb8c4
2026-07-29 11:22:29.326-07,39.07,19.05,21.74,21.89,0.580,43.43,46.68,0.0800,2.11,Maintain,2,normal,info,,online,valid,f,73549e09-1c6f-4878-a9b7-a8f896fb3759,1b17a05b-18db-4c6f-80e3-18b47f6cb8c4
2026-07-29 11:22:29.382-07,99.83,26.64,33.27,21.85,1.040,87.28,64.32,0.1000,2.15,Boost All,3,workload_spike,warning,,online,valid,t,f5ddeb65-c5fa-4d95-a93c-68731afa7d81,1b17a05b-18db-4c6f-80e3-18b47f6cb8c4
2026-07-29 11:22:29.434-07,33.22,16.50,20.02,23.24,0.520,34.83,47.83,0.0700,0.76,Eco Mode,4,normal,info,,online,valid,f,db0b1ecf-7538-410d-b7b1-c73524b6d512,1b17a05b-18db-4c6f-80e3-18b47f6cb8c4
2026-07-29 11:22:29.491-07,73.58,21.48,25.03,26.87,0.850,72.61,53.56,0.0800,2.87,Eco Mode,4,normal,info,,online,valid,f,99cd6002-9311-4208-ad2c-83472b8cf07a,1b17a05b-18db-4c6f-80e3-18b47f6cb8c4
2026-07-29 11:22:29.545-07,52.51,19.44,30.70,20.31,0.610,48.62,45.13,0.0900,3.69,Maintain,2,normal,info,,online,valid,f,c4e5f950-1310-4645-87fa-55cf11f635f1,1b17a05b-18db-4c6f-80e3-18b47f6cb8c4
2026-07-29 11:22:29.602-07,34.34,19.69,25.78,26.93,0.500,31.66,49.35,0.0600,2.93,Maintain,2,normal,info,,online,valid,f,19834d6c-253c-4c98-9765-2770b56c2293,1b17a05b-18db-4c6f-80e3-18b47f6cb8c4
2026-07-29 11:22:29.654-07,81.26,22.00,27.88,24.82,0.810,71.49,47.39,0.0800,0.82,Boost All,3,normal,info,,online,valid,f,bd638e88-c5c8-42e2-9f7b-48773322ae22,1b17a05b-18db-4c6f-80e3-18b47f6cb8c4
2026-07-29 11:22:29.708-07,90.19,22.23,28.22,24.13,0.970,91.99,47.31,0.0800,0.13,Maintain,2,normal,info,,online,valid,f,95395cdb-2be9-4d44-a9a0-a13a62377c23,1b17a05b-18db-4c6f-80e3-18b47f6cb8c4
2026-07-29 11:22:29.765-07,55.35,21.61,29.13,19.52,0.650,58.62,35.55,0.1000,4.48,Eco Mode,4,normal,info,,online,valid,f,c72acd6c-8e5d-4b7f-a184-5321b6877ca0,1b17a05b-18db-4c6f-80e3-18b47f6cb8c4
2026-07-29 11:22:29.822-07,21.66,19.03,24.53,25.09,0.450,21.55,54.91,0.0600,1.09,Eco Mode,4,normal,info,,online,valid,f,7b56e940-6e46-4542-a8b0-0c9162a3704a,1b17a05b-18db-4c6f-80e3-18b47f6cb8c4
2026-07-29 11:22:29.879-07,19.31,16.29,23.38,21.45,0.430,28.15,40.83,0.0600,2.55,Eco Mode,4,normal,info,,online,valid,f,113b9ec3-cd3f-493d-9c23-151813e70392,1b17a05b-18db-4c6f-80e3-18b47f6cb8c4
2026-07-29 11:22:29.934-07,41.47,16.42,21.39,26.34,0.540,36.37,49.21,0.0600,2.34,Reduce AHU,1,normal,info,,online,valid,f,fe08f0fe-42b2-41fc-8415-3d50bb7be010,1b17a05b-18db-4c6f-80e3-18b47f6cb8c4
2026-07-29 11:22:29.991-07,62.74,20.66,21.58,24.90,0.750,64.14,46.72,0.1100,0.90,Boost All,3,normal,info,,online,valid,f,7dcde152-1e4c-49da-950a-7ad1205ef095,1b17a05b-18db-4c6f-80e3-18b47f6cb8c4
2026-07-29 11:22:30.047-07,47.32,19.39,24.61,26.93,0.710,51.81,58.47,0.1000,2.93,Increase Chiller,0,normal,info,,online,valid,f,ef2cb800-cf1d-4bc3-a41a-dfb40c673f4e,1b17a05b-18db-4c6f-80e3-18b47f6cb8c4
2026-07-29 11:22:30.105-07,89.01,21.96,26.52,25.66,0.890,79.69,50.13,0.0900,1.66,Eco Mode,4,normal,info,,online,valid,f,edf789c0-9c54-4fdf-9f33-2a4868cb15e5,1b17a05b-18db-4c6f-80e3-18b47f6cb8c4
2026-07-29 11:22:30.16-07,56.48,22.08,24.55,23.86,0.670,50.83,51.91,0.0800,0.14,Boost All,3,normal,info,,online,valid,f,213d3828-651d-440e-949d-601c47fcf6a8,1b17a05b-18db-4c6f-80e3-18b47f6cb8c4
2026-07-29 11:22:30.215-07,99.65,25.88,30.79,20.95,0.940,96.09,68.14,0.0900,3.05,Boost All,3,workload_spike,warning,,online,valid,t,264e2231-5bde-4dd4-97d3-3e5f36ab2ebf,1b17a05b-18db-4c6f-80e3-18b47f6cb8c4
2026-07-29 11:22:30.269-07,71.94,23.57,28.89,23.84,0.830,73.29,48.23,0.1000,0.16,Eco Mode,4,normal,info,,online,valid,f,4b6c6b0a-c18b-49f4-847b-60e49d72b5bf,1b17a05b-18db-4c6f-80e3-18b47f6cb8c4
2026-07-29 11:22:30.327-07,65.28,20.67,24.53,25.05,0.820,70.04,51.09,0.1100,1.05,Increase Chiller,0,normal,info,,online,valid,f,0f2c1ce6-608f-4460-a039-befae384905a,1b17a05b-18db-4c6f-80e3-18b47f6cb8c4
2026-07-29 11:22:30.383-07,54.70,19.14,23.06,23.22,0.650,49.14,50.81,0.0600,0.78,Maintain,2,normal,info,,online,valid,f,fc12344e-a7ce-481b-9186-178af8390e10,1b17a05b-18db-4c6f-80e3-18b47f6cb8c4
2026-07-29 11:22:30.44-07,89.67,23.47,28.38,26.16,0.950,84.64,54.03,0.0800,2.16,Reduce AHU,1,normal,info,,online,valid,f,2d042d6a-6dc9-43bc-ba9d-2f4da6f29848,1b17a05b-18db-4c6f-80e3-18b47f6cb8c4
2026-07-29 11:22:30.497-07,31.16,18.85,24.42,20.93,0.470,34.56,38.86,0.0700,3.07,Eco Mode,4,normal,info,,online,valid,f,ab9fe8bf-ea03-4c9a-8e20-e907031dbcb9,1b17a05b-18db-4c6f-80e3-18b47f6cb8c4
2026-07-29 11:22:30.554-07,65.92,22.39,29.75,22.17,0.720,60.05,47.01,0.0800,1.83,Reduce AHU,1,normal,info,,online,valid,f,f1dcd056-bd96-4407-9c49-8d3988aa63c6,1b17a05b-18db-4c6f-80e3-18b47f6cb8c4
2026-07-29 11:22:30.607-07,14.06,15.68,19.97,19.16,0.350,22.95,33.90,0.0300,4.84,Boost All,3,normal,info,,online,valid,f,5e45cb83-8445-4030-9833-de09afd6029d,1b17a05b-18db-4c6f-80e3-18b47f6cb8c4
2026-07-29 11:22:30.662-07,51.25,19.65,26.01,25.86,0.730,59.52,50.59,0.0900,1.86,Reduce AHU,1,normal,info,,online,valid,f,abaa36e3-7034-485f-8ab6-307ffb531ad5,1b17a05b-18db-4c6f-80e3-18b47f6cb8c4
2026-07-29 11:22:30.719-07,66.34,21.66,25.42,28.01,0.900,75.34,60.26,0.1300,4.01,Eco Mode,4,normal,info,,online,valid,f,b39cdf58-2672-4cc7-b587-1fef7dc58dac,1b17a05b-18db-4c6f-80e3-18b47f6cb8c4
2026-07-29 11:22:30.774-07,53.26,19.48,22.66,23.43,0.700,59.69,45.40,0.0900,0.57,Boost All,3,normal,info,,online,valid,f,b7a45496-01a2-48b1-b8a9-ab4f3aaf06c9,1b17a05b-18db-4c6f-80e3-18b47f6cb8c4
2026-07-29 11:22:30.83-07,97.50,28.20,34.75,23.75,0.350,17.93,31.47,0.0400,0.25,Increase Chiller,0,cooling_failure,critical,chiller_loop,degraded,valid,t,dfe7edf5-071c-4d54-9ec2-880d9cfb813f,1b17a05b-18db-4c6f-80e3-18b47f6cb8c4
2026-07-29 11:22:30.887-07,90.26,22.18,27.03,20.35,0.880,83.92,40.98,0.0900,3.65,Eco Mode,4,normal,info,,online,valid,f,0fa3e215-5d42-4090-b4ec-9307316d7c07,1b17a05b-18db-4c6f-80e3-18b47f6cb8c4
2026-07-29 11:22:30.943-07,54.61,21.64,29.85,19.88,0.650,58.02,37.90,0.0900,4.12,Reduce AHU,1,normal,info,,online,valid,f,4f191743-f278-46ba-a8e6-04a1d8172ea7,1b17a05b-18db-4c6f-80e3-18b47f6cb8c4
2026-07-29 11:22:31-07,57.75,22.36,24.29,22.96,0.640,50.27,47.46,0.0900,1.04,Reduce AHU,1,normal,info,,online,valid,f,829ac919-b5f4-4b1a-a0a5-b57435c3eafd,1b17a05b-18db-4c6f-80e3-18b47f6cb8c4
2026-07-29 11:22:31.057-07,80.83,22.86,26.25,25.91,0.930,86.27,47.63,0.1200,1.91,Increase Chiller,0,normal,info,,online,valid,f,5f9fb21f-5a38-4376-824a-29f57907f4dc,1b17a05b-18db-4c6f-80e3-18b47f6cb8c4
2026-07-29 11:22:31.113-07,92.55,23.65,29.53,23.10,0.950,87.59,50.49,0.0900,0.90,Increase Chiller,0,normal,info,,online,valid,f,298796e0-3663-45e4-869c-dc5e75ba50f2,1b17a05b-18db-4c6f-80e3-18b47f6cb8c4
2026-07-29 11:22:31.166-07,98.30,25.40,30.59,20.59,1.100,96.18,64.56,0.1100,3.41,Boost All,3,workload_spike,warning,,online,valid,t,1c194629-0bc2-48d2-a700-71421e62efe5,1b17a05b-18db-4c6f-80e3-18b47f6cb8c4
2026-07-29 11:22:31.223-07,34.50,19.06,23.10,25.35,0.470,24.91,53.83,0.0500,1.35,Maintain,2,normal,info,,online,valid,f,8764c3e6-a292-4108-89ec-b22787b510dd,1b17a05b-18db-4c6f-80e3-18b47f6cb8c4
2026-07-29 11:22:31.278-07,57.31,19.72,22.48,20.62,0.570,49.04,36.34,0.0700,3.38,Maintain,2,normal,info,,online,valid,f,48449777-35a9-4cfe-80b3-71a526cc9c8d,1b17a05b-18db-4c6f-80e3-18b47f6cb8c4
2026-07-29 11:22:31.331-07,82.46,28.99,35.88,23.19,0.440,22.84,37.77,0.0500,0.81,Increase Chiller,0,cooling_failure,critical,chiller_loop,degraded,valid,t,8feed3bd-9034-43ab-942f-bcae3d69cb9f,1b17a05b-18db-4c6f-80e3-18b47f6cb8c4
2026-07-29 11:22:31.388-07,55.95,20.02,24.64,28.57,0.730,54.27,59.00,0.0800,4.57,Reduce AHU,1,normal,info,,online,valid,f,c235ba9c-012d-4edc-9665-a2ebe2115050,1b17a05b-18db-4c6f-80e3-18b47f6cb8c4
2026-07-29 11:22:31.445-07,53.32,18.64,24.89,18.80,0.600,51.83,36.22,0.0800,5.20,Eco Mode,4,normal,info,,online,valid,f,5734250e-74cd-415b-a10d-5e11f659906a,1b17a05b-18db-4c6f-80e3-18b47f6cb8c4
2026-07-29 11:22:31.502-07,95.56,26.25,32.82,25.18,1.060,89.57,65.55,0.1100,1.18,Boost All,3,workload_spike,warning,,online,valid,t,64af2134-2928-442b-ba1a-838a8bf9a87b,1b17a05b-18db-4c6f-80e3-18b47f6cb8c4
2026-07-29 11:22:31.557-07,68.31,99.99,28.14,25.10,0.830,70.01,54.96,0.0700,1.10,Boost All,3,sensor_fault,critical,inlet_temperature_sensor,fault,suspect,t,2bda8663-dde1-4acf-a566-4d0079b8b277,1b17a05b-18db-4c6f-80e3-18b47f6cb8c4
2026-07-29 11:22:31.61-07,84.23,23.25,26.91,27.19,0.990,90.82,52.46,0.0800,3.19,Boost All,3,normal,info,,online,valid,f,f5217e9f-c846-432c-9b23-095e4aafb661,1b17a05b-18db-4c6f-80e3-18b47f6cb8c4
2026-07-29 11:22:31.666-07,88.18,23.50,24.84,21.96,0.880,83.93,41.35,0.1300,2.04,Reduce AHU,1,normal,info,,online,valid,f,60b747ef-5313-4819-baef-823fc5c7ec60,1b17a05b-18db-4c6f-80e3-18b47f6cb8c4
2026-07-29 11:22:31.723-07,66.88,21.50,25.51,23.09,0.770,66.48,48.54,0.1100,0.91,Increase Chiller,0,normal,info,,online,valid,f,a6cb37cf-f82e-426a-9e9e-1e294f6e0db0,1b17a05b-18db-4c6f-80e3-18b47f6cb8c4
2026-07-29 11:22:31.775-07,31.69,19.23,25.34,20.38,0.400,23.73,42.07,0.0400,3.62,Maintain,2,normal,info,,online,valid,f,9edd99ad-4091-4dee-88e2-e9e6b8bf068a,1b17a05b-18db-4c6f-80e3-18b47f6cb8c4
2026-07-29 11:22:31.832-07,76.85,23.41,25.08,24.79,0.860,75.96,51.19,0.0900,0.79,Reduce AHU,1,normal,info,,online,valid,f,63b00c30-3a4f-4fb8-a741-2f5538467b45,1b17a05b-18db-4c6f-80e3-18b47f6cb8c4
2026-07-29 11:22:31.888-07,52.78,20.06,23.94,24.07,0.660,54.83,44.38,0.0800,0.07,Eco Mode,4,normal,info,,online,valid,f,c932a6fb-6c5c-42b1-88b3-44aa80dde062,1b17a05b-18db-4c6f-80e3-18b47f6cb8c4
2026-07-29 11:22:31.945-07,57.75,22.36,24.29,22.96,0.640,50.27,47.46,0.0900,1.04,Reduce AHU,1,normal,info,,online,valid,f,f7cc3d05-ebdc-49f1-bf5b-e49e188f22a7,1b17a05b-18db-4c6f-80e3-18b47f6cb8c4
2026-07-29 11:22:32.002-07,84.53,30.77,38.28,21.73,0.410,14.67,28.33,0.0500,2.27,Increase Chiller,0,cooling_failure,critical,chiller_loop,degraded,valid,t,eacbaf51-341b-4e77-a903-028f0d914d8e,1b17a05b-18db-4c6f-80e3-18b47f6cb8c4
2026-07-29 11:22:32.057-07,54.22,20.69,23.42,24.47,0.600,47.43,44.81,0.0600,0.47,Maintain,2,normal,info,,online,valid,f,639f25e4-6b50-4e37-b6f3-9b6f876e9eee,1b17a05b-18db-4c6f-80e3-18b47f6cb8c4
2026-07-29 11:22:32.113-07,71.87,22.21,27.06,25.83,0.790,65.44,52.99,0.1000,1.83,Boost All,3,normal,info,,online,valid,f,8aaa3e60-e953-464b-99e1-6051a0109bf3,1b17a05b-18db-4c6f-80e3-18b47f6cb8c4
2026-07-29 11:22:32.169-07,79.78,25.03,27.01,23.75,0.840,76.01,46.70,0.1100,0.25,Increase Chiller,0,normal,info,,online,valid,f,9c7b70a6-28de-4091-9fc6-a66d8bed8192,1b17a05b-18db-4c6f-80e3-18b47f6cb8c4
2026-07-29 11:22:32.223-07,96.26,26.55,33.29,26.52,1.030,94.12,68.87,0.1000,2.52,Boost All,3,workload_spike,warning,,online,valid,t,82a5f28a-2803-4aaa-8abe-75a12164327d,1b17a05b-18db-4c6f-80e3-18b47f6cb8c4
2026-07-29 11:22:32.276-07,73.15,22.67,26.06,22.80,0.810,70.13,50.40,0.0800,1.20,Increase Chiller,0,normal,info,,online,valid,f,547dcdd4-338f-4ec9-94cd-4cae5c6b428f,1b17a05b-18db-4c6f-80e3-18b47f6cb8c4
2026-07-29 11:22:32.333-07,36.93,19.03,24.04,27.95,0.650,46.15,56.24,0.0700,3.95,Boost All,3,normal,info,,online,valid,f,8c600f32-5806-4eb7-b085-6cf683907565,1b17a05b-18db-4c6f-80e3-18b47f6cb8c4
2026-07-29 11:22:32.39-07,78.72,22.12,24.87,26.00,0.820,70.31,51.64,0.1100,2.00,Maintain,2,normal,info,,online,valid,f,eea4a8c6-0b8c-4536-a37f-d6d4db15dc9e,1b17a05b-18db-4c6f-80e3-18b47f6cb8c4
2026-07-29 11:22:32.445-07,96.01,26.06,30.75,24.36,1.020,91.54,63.99,0.1000,0.36,Boost All,3,workload_spike,warning,,online,valid,t,c34a26ab-f1f6-4888-9976-250346013da3,1b17a05b-18db-4c6f-80e3-18b47f6cb8c4
2026-07-29 11:22:32.499-07,57.51,20.35,23.13,24.78,0.690,54.09,52.02,0.0600,0.78,Reduce AHU,1,normal,info,,online,valid,f,69088b83-6ba0-4474-ada2-0c99dd6624f1,1b17a05b-18db-4c6f-80e3-18b47f6cb8c4
2026-07-29 11:22:32.556-07,98.23,24.10,27.39,25.12,1.050,100.00,50.45,0.1600,1.12,Eco Mode,4,outlier,warning,,online,valid,t,875f6ac5-576b-4ebb-b88c-be492cc1e7a5,1b17a05b-18db-4c6f-80e3-18b47f6cb8c4
2026-07-29 11:22:32.612-07,93.96,23.96,28.14,21.91,0.870,84.29,39.56,0.1200,2.09,Eco Mode,4,normal,info,,online,valid,f,df1aac45-94f6-47a5-9340-74efcb8c542f,1b17a05b-18db-4c6f-80e3-18b47f6cb8c4
2026-07-29 11:22:32.669-07,54.82,21.06,25.59,27.44,0.690,52.43,54.05,0.0700,3.44,Boost All,3,normal,info,,online,valid,f,f0eab182-f416-4384-9aaf-b7ae885736ae,1b17a05b-18db-4c6f-80e3-18b47f6cb8c4
2026-07-29 11:22:32.725-07,93.70,23.05,27.84,20.34,0.900,87.17,40.87,0.1200,3.66,Reduce AHU,1,normal,info,,online,valid,f,2ea79e2e-89aa-4e69-8ae8-18b22c637a81,1b17a05b-18db-4c6f-80e3-18b47f6cb8c4
2026-07-29 11:22:32.782-07,67.51,21.50,31.34,24.16,0.740,59.81,52.65,0.0600,0.16,Increase Chiller,0,normal,info,,online,valid,f,3901d9a8-d3ed-43dc-b7b3-15a8f6d49370,1b17a05b-18db-4c6f-80e3-18b47f6cb8c4
2026-07-29 11:22:32.838-07,49.95,19.20,23.85,19.94,0.590,49.67,38.89,0.0600,4.06,Boost All,3,normal,info,,online,valid,f,111adb1f-67bd-4593-b086-98fc45563628,1b17a05b-18db-4c6f-80e3-18b47f6cb8c4
2026-07-29 11:22:32.894-07,92.85,23.94,26.39,23.66,0.930,85.70,48.22,0.1200,0.34,Increase Chiller,0,normal,info,,online,valid,f,87cb51ec-481b-419e-815d-1a4abdabbe51,1b17a05b-18db-4c6f-80e3-18b47f6cb8c4
2026-07-29 11:22:32.947-07,100.00,23.97,28.89,26.22,1.080,100.00,55.48,0.1000,2.22,Increase Chiller,0,normal,info,,online,valid,f,8d902010-cb44-431d-b7cb-6af94f962f95,1b17a05b-18db-4c6f-80e3-18b47f6cb8c4
2026-07-29 11:22:33.003-07,85.22,25.15,27.37,24.09,0.950,90.28,45.69,0.1400,0.09,Maintain,2,normal,info,,online,valid,f,4a511e70-c765-4c06-bdba-830465dce223,1b17a05b-18db-4c6f-80e3-18b47f6cb8c4
2026-07-29 11:22:33.057-07,80.16,21.52,23.73,18.18,0.830,79.44,38.53,0.1000,5.82,Eco Mode,4,normal,info,,online,valid,f,97cf3fa1-ec9c-4fd1-b23b-84ca085bd85a,1b17a05b-18db-4c6f-80e3-18b47f6cb8c4
2026-07-29 11:22:33.113-07,62.94,20.58,25.54,27.89,0.860,70.81,59.04,0.1200,3.89,Increase Chiller,0,normal,info,,online,valid,f,4a854dde-35d6-4a04-8a64-e7274df74f57,1b17a05b-18db-4c6f-80e3-18b47f6cb8c4
2026-07-29 11:22:33.166-07,54.24,19.55,27.12,29.93,0.710,50.32,61.03,0.0800,5.93,Maintain,2,normal,info,,online,valid,f,2bd9a2fd-6d88-4b6a-b411-20fd08e81027,1b17a05b-18db-4c6f-80e3-18b47f6cb8c4
2026-07-29 11:22:33.222-07,100.00,24.04,31.14,24.26,1.030,100.00,46.00,0.1300,0.26,Eco Mode,4,normal,info,,online,valid,f,8f07f969-da27-45b0-8350-8196621f5371,1b17a05b-18db-4c6f-80e3-18b47f6cb8c4
2026-07-29 11:22:33.274-07,79.75,23.36,28.81,21.35,0.940,88.54,46.12,0.1200,2.65,Increase Chiller,0,normal,info,,online,valid,f,63a1b612-c8eb-4ed6-a243-ff481c602d6d,1b17a05b-18db-4c6f-80e3-18b47f6cb8c4
2026-07-29 11:22:33.33-07,99.58,26.77,31.88,21.44,0.940,88.00,58.31,0.0900,2.56,Boost All,3,workload_spike,warning,,online,valid,t,ec7bbec2-d8a6-48bc-931a-c6e2d6cc5e90,1b17a05b-18db-4c6f-80e3-18b47f6cb8c4
2026-07-29 11:22:33.387-07,81.60,22.66,29.61,20.91,0.800,76.60,38.31,0.0800,3.09,Eco Mode,4,normal,info,,online,valid,f,81efe9ed-9c9a-44b2-a316-d0a3479eab63,1b17a05b-18db-4c6f-80e3-18b47f6cb8c4
2026-07-29 11:22:33.44-07,79.20,23.46,28.30,22.21,0.910,84.04,47.00,0.1000,1.79,Eco Mode,4,normal,info,,online,valid,f,a176954e-3afb-462b-b261-af8f744e4bbf,1b17a05b-18db-4c6f-80e3-18b47f6cb8c4
2026-07-29 11:22:33.494-07,43.23,21.12,30.31,25.26,0.640,47.01,52.28,0.0800,1.26,Reduce AHU,1,normal,info,,online,valid,f,71c82182-9786-49a2-a3b4-5e6c2ac44bc9,1b17a05b-18db-4c6f-80e3-18b47f6cb8c4
2026-07-29 11:22:33.548-07,75.33,22.99,23.43,28.07,0.940,81.99,56.67,0.1200,4.07,Increase Chiller,0,normal,info,,online,valid,f,9706a95a-a169-488b-9037-e16ab8c954ff,1b17a05b-18db-4c6f-80e3-18b47f6cb8c4
2026-07-29 11:22:33.602-07,60.48,20.75,24.14,24.92,0.820,70.35,51.55,0.0900,0.92,Boost All,3,normal,info,,online,valid,f,cba22386-832b-4e55-bc69-2c5770607dd4,1b17a05b-18db-4c6f-80e3-18b47f6cb8c4
2026-07-29 11:22:33.657-07,100.00,24.04,31.14,24.26,1.030,100.00,46.00,0.1300,0.26,Eco Mode,4,normal,info,,online,valid,f,c43cffe2-1089-43c7-a139-69304c4ff8d5,1b17a05b-18db-4c6f-80e3-18b47f6cb8c4
2026-07-29 11:22:33.714-07,48.47,21.34,26.10,22.32,0.550,42.07,43.21,0.0700,1.68,Increase Chiller,0,normal,info,,online,valid,f,3deff556-65fa-4d50-8bdb-a0c11833db53,1b17a05b-18db-4c6f-80e3-18b47f6cb8c4
2026-07-29 11:22:33.767-07,54.61,99.99,22.50,20.84,0.680,58.52,41.50,0.0600,3.16,Increase Chiller,0,sensor_fault,critical,inlet_temperature_sensor,fault,suspect,t,c5a6a6d4-6b1f-49db-a041-2cf7eb9aabb6,1b17a05b-18db-4c6f-80e3-18b47f6cb8c4
2026-07-29 11:22:33.823-07,56.60,22.27,23.97,22.83,0.590,47.26,43.27,0.0600,1.17,Reduce AHU,1,normal,info,,online,valid,f,caced730-59ce-4b82-b8a6-5927fc28bf37,1b17a05b-18db-4c6f-80e3-18b47f6cb8c4
2026-07-29 11:22:33.879-07,58.08,20.57,27.00,23.68,0.650,53.06,45.99,0.0700,0.32,Maintain,2,normal,info,,online,valid,f,c74cdfc2-2397-4390-8ad9-1e5d31f78c9f,1b17a05b-18db-4c6f-80e3-18b47f6cb8c4
2026-07-29 11:22:33.936-07,89.16,24.41,32.17,28.07,1.010,88.12,60.46,0.0900,4.07,Maintain,2,normal,info,,online,valid,f,761e2d22-75f9-480f-8ee7-6621ba5483b8,1b17a05b-18db-4c6f-80e3-18b47f6cb8c4
2026-07-29 11:22:33.992-07,100.00,24.55,28.38,24.42,1.050,100.00,50.08,0.1300,0.42,Eco Mode,4,normal,info,,online,valid,f,f5321d30-a349-4c46-9bf3-913fbf214069,1b17a05b-18db-4c6f-80e3-18b47f6cb8c4
2026-07-29 11:22:34.048-07,57.07,20.36,27.30,24.65,0.690,54.67,50.41,0.0600,0.65,Boost All,3,normal,info,,online,valid,f,6eb7edf9-65f8-436a-b90b-440e6a50a2f4,1b17a05b-18db-4c6f-80e3-18b47f6cb8c4
2026-07-29 11:22:34.105-07,51.85,19.58,24.10,19.63,0.680,57.64,43.32,0.0800,4.37,Reduce AHU,1,normal,info,,online,valid,f,16c1a096-2750-4b7d-b7e1-b13bb73b67f1,1b17a05b-18db-4c6f-80e3-18b47f6cb8c4
2026-07-29 11:22:34.162-07,60.98,21.71,26.47,31.89,0.760,56.63,61.66,0.0800,7.89,Increase Chiller,0,outlier,warning,,online,valid,t,efea19b8-08a1-4fb2-ba66-726ef18c3c48,1b17a05b-18db-4c6f-80e3-18b47f6cb8c4
2026-07-29 11:22:34.219-07,61.48,21.67,25.96,25.57,0.720,56.74,54.08,0.0600,1.57,Reduce AHU,1,normal,info,,online,valid,f,a9ec695d-1e32-4eed-a564-f1850ab342d2,1b17a05b-18db-4c6f-80e3-18b47f6cb8c4
2026-07-29 11:22:34.272-07,80.46,23.61,27.85,28.83,0.940,82.42,56.59,0.1000,4.83,Increase Chiller,0,normal,info,,online,valid,f,bc5517f8-9f03-4528-b8af-e76d031b09b3,1b17a05b-18db-4c6f-80e3-18b47f6cb8c4
2026-07-29 11:22:34.329-07,56.35,20.94,27.08,25.31,0.670,52.30,49.55,0.0900,1.31,Boost All,3,normal,info,,online,valid,f,4c937653-78f9-4cee-984f-1298cb165783,1b17a05b-18db-4c6f-80e3-18b47f6cb8c4
2026-07-29 11:22:34.385-07,81.43,22.12,27.64,18.00,0.770,74.28,35.80,0.0700,6.00,Increase Chiller,0,normal,info,,online,valid,f,60f18a41-6302-4286-b8e5-f0c35e3f017a,1b17a05b-18db-4c6f-80e3-18b47f6cb8c4
2026-07-29 11:22:34.441-07,58.37,19.93,21.81,23.13,0.600,49.15,41.83,0.0500,0.87,Increase Chiller,0,normal,info,,online,valid,f,bf87747e-ca49-42ad-bd76-00d4e09448cb,1b17a05b-18db-4c6f-80e3-18b47f6cb8c4
2026-07-29 11:22:34.497-07,95.71,29.68,36.13,24.21,0.350,24.45,39.52,0.0400,0.21,Increase Chiller,0,cooling_failure,critical,chiller_loop,degraded,valid,t,503a3332-6943-4c33-88cc-e4adbda8f930,1b17a05b-18db-4c6f-80e3-18b47f6cb8c4
2026-07-29 11:22:34.552-07,94.28,25.79,31.11,20.33,1.100,98.22,66.73,0.1100,3.67,Boost All,3,workload_spike,warning,,online,valid,t,803e21e6-c7be-44ef-a92f-f893a59ce6d2,1b17a05b-18db-4c6f-80e3-18b47f6cb8c4
2026-07-29 11:22:34.608-07,72.27,21.87,27.23,23.31,0.860,81.22,42.54,0.0700,0.69,Reduce AHU,1,normal,info,,online,valid,f,201c4bb5-744a-457e-b9fa-26c37deba71b,1b17a05b-18db-4c6f-80e3-18b47f6cb8c4
2026-07-29 11:22:34.664-07,67.52,20.52,29.15,20.47,0.690,57.96,44.92,0.0700,3.53,Eco Mode,4,normal,info,,online,valid,f,390f513c-8907-4ae4-9337-668f86e287d6,1b17a05b-18db-4c6f-80e3-18b47f6cb8c4
2026-07-29 11:22:34.721-07,92.13,23.82,28.58,20.15,1.010,99.11,43.41,0.1100,3.85,Increase Chiller,0,normal,info,,online,valid,f,6ad261f7-6642-4825-a49a-baed3234b67f,1b17a05b-18db-4c6f-80e3-18b47f6cb8c4
2026-07-29 11:22:34.774-07,96.50,27.02,33.74,23.92,1.010,88.16,59.03,0.1000,0.08,Boost All,3,workload_spike,warning,,online,valid,t,172f85a3-7684-49de-8c1c-95d55d07b4d4,1b17a05b-18db-4c6f-80e3-18b47f6cb8c4
2026-07-29 11:22:34.83-07,81.37,23.21,30.10,25.17,0.830,74.69,45.55,0.0700,1.17,Increase Chiller,0,normal,info,,online,valid,f,134fcba3-8222-4407-a088-526503ceafdf,1b17a05b-18db-4c6f-80e3-18b47f6cb8c4
2026-07-29 11:22:34.884-07,100.00,25.04,33.53,30.90,1.090,96.75,62.50,0.0900,6.90,Reduce AHU,1,outlier,warning,,online,valid,t,af638009-7ae2-4b61-bc7c-3f0dcfef8121,1b17a05b-18db-4c6f-80e3-18b47f6cb8c4
2026-07-29 11:22:34.94-07,89.78,24.20,27.25,22.47,0.880,80.20,47.28,0.1100,1.53,Increase Chiller,0,normal,info,,online,valid,f,b2132a94-4e87-4588-99fc-06d3920e007b,1b17a05b-18db-4c6f-80e3-18b47f6cb8c4
2026-07-29 11:22:34.996-07,34.94,18.66,24.15,24.88,0.510,34.50,47.17,0.0500,0.88,Maintain,2,normal,info,,online,valid,f,67a01571-2c6d-44c9-b33b-2b805cc4dbe1,1b17a05b-18db-4c6f-80e3-18b47f6cb8c4
2026-07-29 11:22:35.053-07,62.51,21.93,28.72,27.92,0.830,70.73,52.67,0.0800,3.92,Increase Chiller,0,normal,info,,online,valid,f,52bb57bd-2733-42c9-801b-017f4a4c0123,1b17a05b-18db-4c6f-80e3-18b47f6cb8c4
2026-07-29 11:22:35.107-07,73.60,22.24,27.34,27.07,0.820,70.72,50.55,0.0800,3.07,Eco Mode,4,normal,info,,online,valid,f,d2c4eeb1-1ce0-4285-9f53-b098ddddb85a,1b17a05b-18db-4c6f-80e3-18b47f6cb8c4
2026-07-29 11:22:35.159-07,52.76,18.60,24.52,26.64,0.720,56.68,53.74,0.0900,2.64,Eco Mode,4,normal,info,,online,valid,f,c8aad1ec-dfbc-47a0-b719-aa79b4610daa,1b17a05b-18db-4c6f-80e3-18b47f6cb8c4
2026-07-29 11:22:35.216-07,98.30,25.42,32.41,23.04,1.050,100.00,49.54,0.0900,0.96,Maintain,2,normal,info,,online,valid,f,97e01510-03a6-4c78-b0d1-7a382575f212,1b17a05b-18db-4c6f-80e3-18b47f6cb8c4
2026-07-29 11:22:35.272-07,93.36,28.67,35.84,27.06,0.350,11.14,39.15,0.0400,3.06,Increase Chiller,0,cooling_failure,critical,chiller_loop,degraded,valid,t,0b34c844-96ff-4295-95f1-6eb3672a40d9,1b17a05b-18db-4c6f-80e3-18b47f6cb8c4
2026-07-29 11:22:35.329-07,52.95,20.68,27.32,19.58,0.620,51.67,41.54,0.0700,4.42,Eco Mode,4,normal,info,,online,valid,f,3ea35e16-da17-49ef-9944-79488e67e070,1b17a05b-18db-4c6f-80e3-18b47f6cb8c4
2026-07-29 11:22:35.386-07,51.05,20.35,27.96,18.72,0.560,45.96,38.32,0.0600,5.28,Reduce AHU,1,normal,info,,online,valid,f,20ce0220-0bd0-4003-919e-3136f0d3ea1b,1b17a05b-18db-4c6f-80e3-18b47f6cb8c4
2026-07-29 11:22:35.439-07,100.00,25.70,27.12,22.20,0.990,96.01,43.71,0.1000,1.80,Maintain,2,normal,info,,online,valid,f,34697810-d538-4150-b3fb-f265b0491145,1b17a05b-18db-4c6f-80e3-18b47f6cb8c4
2026-07-29 11:22:35.496-07,49.72,20.69,26.95,24.19,0.620,49.05,44.86,0.0800,0.19,Increase Chiller,0,normal,info,,online,valid,f,6b4534b1-fcbf-4a19-be33-3110d09ea8a8,1b17a05b-18db-4c6f-80e3-18b47f6cb8c4
2026-07-29 11:22:35.548-07,53.27,19.55,25.22,23.75,0.720,61.99,45.72,0.0900,0.25,Maintain,2,normal,info,,online,valid,f,7b99c8f6-5905-4e40-8e00-6d8b01121321,1b17a05b-18db-4c6f-80e3-18b47f6cb8c4
2026-07-29 11:22:35.605-07,75.71,21.48,30.22,21.04,0.740,68.61,38.66,0.1100,2.96,Reduce AHU,1,normal,info,,online,valid,f,6280940f-ec0d-4984-a383-5ae0482f506f,1b17a05b-18db-4c6f-80e3-18b47f6cb8c4
2026-07-29 11:22:35.657-07,53.18,18.21,25.44,22.08,0.730,62.62,46.23,0.0900,1.92,Maintain,2,normal,info,,online,valid,f,e03acb44-52a7-41da-9633-4607d7fdca40,1b17a05b-18db-4c6f-80e3-18b47f6cb8c4
2026-07-29 11:22:35.714-07,76.52,22.49,26.65,24.81,0.850,77.98,45.63,0.0900,0.81,Eco Mode,4,normal,info,,online,valid,f,795f6418-0f7f-4862-85ee-c9f5aa684c98,1b17a05b-18db-4c6f-80e3-18b47f6cb8c4
2026-07-29 11:22:35.766-07,83.78,30.98,38.26,24.34,0.370,16.92,33.37,0.0400,0.34,Increase Chiller,0,cooling_failure,critical,chiller_loop,degraded,valid,t,b6d6d8b5-c049-4458-9bc6-8ed6dd74e64e,1b17a05b-18db-4c6f-80e3-18b47f6cb8c4
2026-07-29 11:22:35.823-07,90.91,25.50,29.16,21.08,0.900,88.63,38.19,0.0800,2.92,Maintain,2,normal,info,,online,valid,f,97401110-87a6-4ae1-9981-2da6444cc2af,1b17a05b-18db-4c6f-80e3-18b47f6cb8c4
2026-07-29 11:22:35.879-07,72.43,21.99,26.79,23.79,0.820,73.19,46.88,0.1100,0.21,Eco Mode,4,normal,info,,online,valid,f,a8471bd0-fccf-44d2-8990-e9f72ddc0dbc,1b17a05b-18db-4c6f-80e3-18b47f6cb8c4
2026-07-29 11:22:35.932-07,52.59,19.92,22.83,21.69,0.670,55.35,46.29,0.0600,2.31,Boost All,3,normal,info,,online,valid,f,25b6b74f-db69-4edf-9d0e-9ca17e2935a2,1b17a05b-18db-4c6f-80e3-18b47f6cb8c4
2026-07-29 11:22:35.984-07,47.53,19.60,24.56,24.26,0.540,38.10,47.15,0.0500,0.26,Boost All,3,normal,info,,online,valid,f,a4a87baa-cdb5-440e-a296-bd57053cc7ef,1b17a05b-18db-4c6f-80e3-18b47f6cb8c4
2026-07-29 11:22:36.04-07,94.81,22.88,26.72,23.75,1.040,100.00,48.05,0.0900,0.25,Increase Chiller,0,normal,info,,online,valid,f,72f8d718-d53d-4fee-8b19-71721bedf38a,1b17a05b-18db-4c6f-80e3-18b47f6cb8c4
2026-07-29 11:22:36.096-07,67.18,22.58,24.81,21.84,0.790,71.48,43.02,0.0900,2.16,Reduce AHU,1,normal,info,,online,valid,f,902a9786-bf84-499b-a5fc-bf17c2639b49,1b17a05b-18db-4c6f-80e3-18b47f6cb8c4
2026-07-29 11:22:36.151-07,43.83,17.94,23.62,25.24,0.630,49.29,47.52,0.0900,1.24,Boost All,3,normal,info,,online,valid,f,ccd9436c-55f6-4f55-9dff-8c2d4635b7a3,1b17a05b-18db-4c6f-80e3-18b47f6cb8c4
2026-07-29 11:22:36.207-07,73.21,21.11,27.96,20.89,0.800,73.97,41.63,0.0900,3.11,Maintain,2,normal,info,,online,valid,f,861700b3-44a4-4e53-871e-ca25a96c62c9,1b17a05b-18db-4c6f-80e3-18b47f6cb8c4
2026-07-29 11:22:36.259-07,92.54,28.12,34.42,21.80,0.300,11.30,38.46,0.0400,2.20,Increase Chiller,0,cooling_failure,critical,chiller_loop,degraded,valid,t,76d467d6-39a1-418d-bd34-6c66dc3bd8b1,1b17a05b-18db-4c6f-80e3-18b47f6cb8c4
2026-07-29 11:22:36.317-07,56.67,22.10,29.16,25.73,0.780,65.95,49.62,0.1100,1.73,Eco Mode,4,normal,info,,online,valid,f,be498456-4bcf-4d7d-ae0c-fa671b0e73fd,1b17a05b-18db-4c6f-80e3-18b47f6cb8c4
2026-07-29 11:22:36.373-07,50.87,19.62,25.36,24.97,0.700,56.09,51.14,0.0900,0.97,Reduce AHU,1,normal,info,,online,valid,f,b9313174-1d05-4e02-9a03-38b5adcd6548,1b17a05b-18db-4c6f-80e3-18b47f6cb8c4
2026-07-29 11:22:36.429-07,86.51,24.77,29.76,26.83,0.970,90.00,49.87,0.1000,2.83,Reduce AHU,1,normal,info,,online,valid,f,dbc0f03b-46b1-45a1-9c6b-b32e5068cf14,1b17a05b-18db-4c6f-80e3-18b47f6cb8c4
2026-07-29 11:22:36.486-07,58.92,19.53,24.40,25.96,0.770,63.44,51.61,0.1100,1.96,Eco Mode,4,normal,info,,online,valid,f,4f628b9e-2eef-491d-b306-ae4054f1ad28,1b17a05b-18db-4c6f-80e3-18b47f6cb8c4
2026-07-29 11:22:36.538-07,28.19,19.52,23.45,22.58,0.430,24.04,48.03,0.0400,1.42,Increase Chiller,0,normal,info,,online,valid,f,83d798a9-3b7c-4db1-854b-7d80d98f276d,1b17a05b-18db-4c6f-80e3-18b47f6cb8c4
2026-07-29 11:22:36.591-07,67.58,22.97,28.43,29.57,0.860,67.48,63.21,0.0800,5.57,Increase Chiller,0,normal,info,,online,valid,f,cd303674-ae9e-41d9-abd5-22b3fc2f7a17,1b17a05b-18db-4c6f-80e3-18b47f6cb8c4
2026-07-29 11:22:36.647-07,94.24,26.86,31.79,18.00,0.970,87.03,59.11,0.1000,6.00,Boost All,3,workload_spike,warning,,online,valid,t,648727b1-645a-4832-b1f7-cb087bca3bf2,1b17a05b-18db-4c6f-80e3-18b47f6cb8c4
2026-07-29 11:22:36.701-07,47.80,22.59,27.03,19.11,0.560,47.59,35.28,0.0700,4.89,Boost All,3,normal,info,,online,valid,f,1bc6f391-5d94-4e53-9ab5-b499883294f6,1b17a05b-18db-4c6f-80e3-18b47f6cb8c4
2026-07-29 11:22:36.757-07,95.73,25.13,30.39,20.90,0.960,91.06,45.99,0.1000,3.10,Maintain,2,normal,info,,online,valid,f,63fce0d6-597f-42c3-ad49-83b3b8111bff,1b17a05b-18db-4c6f-80e3-18b47f6cb8c4
2026-07-29 11:22:36.809-07,80.93,24.54,29.46,24.81,0.850,73.90,51.68,0.0800,0.81,Reduce AHU,1,normal,info,,online,valid,f,66fb8342-cad5-4946-85e2-e0d3521c1791,1b17a05b-18db-4c6f-80e3-18b47f6cb8c4
2026-07-29 11:22:36.865-07,76.73,21.03,23.62,23.82,0.910,81.84,51.41,0.1200,0.18,Reduce AHU,1,normal,info,,online,valid,f,2e17b95c-bbb5-46b1-af2e-08fa6c03070c,1b17a05b-18db-4c6f-80e3-18b47f6cb8c4
2026-07-29 11:22:36.922-07,78.67,23.90,28.02,22.33,0.820,75.80,42.17,0.1100,1.67,Reduce AHU,1,normal,info,,online,valid,f,c8ff6596-8658-4b58-9c4d-36231015cdde,1b17a05b-18db-4c6f-80e3-18b47f6cb8c4
2026-07-29 11:22:36.978-07,75.95,23.32,24.59,22.42,0.860,81.52,41.90,0.0800,1.58,Reduce AHU,1,normal,info,,online,valid,f,f360e440-e182-4e24-ba05-990390c09da5,1b17a05b-18db-4c6f-80e3-18b47f6cb8c4
2026-07-29 11:22:37.035-07,70.34,22.48,29.89,24.70,0.780,66.97,48.71,0.1200,0.70,Increase Chiller,0,normal,info,,online,valid,f,9fe4b9e1-ee02-4a16-a349-63017864edcc,1b17a05b-18db-4c6f-80e3-18b47f6cb8c4
2026-07-29 11:22:37.09-07,70.34,21.69,25.69,23.20,0.830,77.05,43.72,0.0900,0.80,Maintain,2,normal,info,,online,valid,f,973d0b66-4d51-4a8a-99f9-88a69cc4b91f,1b17a05b-18db-4c6f-80e3-18b47f6cb8c4
2026-07-29 11:22:37.143-07,98.30,25.42,32.41,23.04,1.050,100.00,49.54,0.0900,0.96,Maintain,2,normal,info,,online,valid,f,46634839-d60c-4af2-b82d-bb888f2427b3,1b17a05b-18db-4c6f-80e3-18b47f6cb8c4
2026-07-29 11:22:37.199-07,98.15,26.29,34.18,19.89,0.970,99.14,35.57,0.0900,4.11,Reduce AHU,1,normal,info,,online,valid,f,f195b4e6-1b60-4ac3-94dc-fa0dfc2d573f,1b17a05b-18db-4c6f-80e3-18b47f6cb8c4
2026-07-29 11:22:37.256-07,58.59,19.84,23.88,27.94,0.720,52.20,59.71,0.0600,3.94,Boost All,3,normal,info,,online,valid,f,0cfcfbb6-a65c-4fa3-8328-a44eacee3049,1b17a05b-18db-4c6f-80e3-18b47f6cb8c4
2026-07-29 11:22:37.308-07,66.26,21.30,26.29,25.26,0.840,71.35,54.15,0.0900,1.26,Eco Mode,4,normal,info,,online,valid,f,e09bc42f-e805-47f3-9acc-ec04494f34c9,1b17a05b-18db-4c6f-80e3-18b47f6cb8c4
2026-07-29 11:22:37.365-07,16.83,17.08,21.34,25.44,0.430,20.81,51.70,0.0600,1.44,Reduce AHU,1,normal,info,,online,valid,f,ce6d8f0f-da70-4bcd-ae49-bd9807e8906a,1b17a05b-18db-4c6f-80e3-18b47f6cb8c4
2026-07-29 11:22:37.42-07,97.45,24.76,29.36,21.50,0.990,89.19,62.00,0.1000,2.50,Boost All,3,workload_spike,warning,,online,valid,t,61667487-879a-4237-bef9-b526128ae088,1b17a05b-18db-4c6f-80e3-18b47f6cb8c4
2026-07-29 11:22:37.476-07,93.74,22.24,23.90,28.37,1.050,92.38,61.31,0.1300,4.37,Increase Chiller,0,normal,info,,online,valid,f,61cd9519-18a3-405f-8cfe-ebcf5dc75ccd,1b17a05b-18db-4c6f-80e3-18b47f6cb8c4
2026-07-29 11:22:37.53-07,88.38,28.37,37.18,24.51,0.370,10.94,27.12,0.0400,0.51,Increase Chiller,0,cooling_failure,critical,chiller_loop,degraded,valid,t,1eb464b9-04e8-4812-95e7-cc7f90add780,1b17a05b-18db-4c6f-80e3-18b47f6cb8c4
2026-07-29 11:22:37.587-07,69.40,23.66,27.74,26.26,0.730,59.66,49.94,0.0800,2.26,Maintain,2,normal,info,,online,valid,f,859c9358-132c-4c80-96e0-13cd405e3dac,1b17a05b-18db-4c6f-80e3-18b47f6cb8c4
2026-07-29 11:22:37.642-07,73.44,22.74,22.74,27.14,0.940,81.31,57.90,0.1300,3.14,Boost All,3,normal,info,,online,valid,f,7cd58734-bf0d-41ca-9c0e-a9821e2e2b7f,1b17a05b-18db-4c6f-80e3-18b47f6cb8c4
2026-07-29 11:22:37.699-07,78.48,23.90,29.87,18.00,0.800,76.88,36.16,0.1200,6.00,Boost All,3,normal,info,,online,valid,f,a4655b06-a51b-4971-8740-209d0d4b43a5,1b17a05b-18db-4c6f-80e3-18b47f6cb8c4
2026-07-29 11:22:37.755-07,100.00,25.48,28.17,23.21,1.000,95.22,48.22,0.0800,0.79,Eco Mode,4,normal,info,,online,valid,f,cdc04c22-a712-4b81-b620-a17ee57196fa,1b17a05b-18db-4c6f-80e3-18b47f6cb8c4
2026-07-29 11:22:37.808-07,58.31,21.93,27.82,29.48,0.780,63.49,54.21,0.0800,5.48,Maintain,2,normal,info,,online,valid,f,08fb198c-613d-4120-9852-591308e397a6,1b17a05b-18db-4c6f-80e3-18b47f6cb8c4
2026-07-29 11:22:37.865-07,50.98,20.78,24.70,21.43,0.640,56.09,38.00,0.0500,2.57,Increase Chiller,0,normal,info,,online,valid,f,a53efdfc-2271-4ec8-a00f-cce74fa86b40,1b17a05b-18db-4c6f-80e3-18b47f6cb8c4
2026-07-29 11:22:37.921-07,37.48,18.11,26.52,23.09,0.440,27.91,42.47,0.0400,0.91,Eco Mode,4,normal,info,,online,valid,f,1f166566-2c22-4c44-81a2-0b63eb249f88,1b17a05b-18db-4c6f-80e3-18b47f6cb8c4
2026-07-29 11:22:37.977-07,54.35,20.49,25.90,18.00,0.610,56.00,32.20,0.0800,6.00,Boost All,3,normal,info,,online,valid,f,3fa5cfde-2682-47b7-aa2f-dfe4f7d3aae3,1b17a05b-18db-4c6f-80e3-18b47f6cb8c4
2026-07-29 11:22:38.034-07,100.00,25.53,30.92,20.40,1.010,100.00,41.26,0.1200,3.60,Eco Mode,4,normal,info,,online,valid,f,e231f43e-c9b8-4fbd-85a0-e9e2a12569bf,1b17a05b-18db-4c6f-80e3-18b47f6cb8c4
2026-07-29 11:22:38.09-07,79.39,21.58,25.69,26.34,0.970,86.93,55.06,0.1000,2.34,Eco Mode,4,normal,info,,online,valid,f,850af988-43eb-49d2-b813-77054990e760,1b17a05b-18db-4c6f-80e3-18b47f6cb8c4
2026-07-29 11:22:38.146-07,58.28,22.01,28.95,26.56,0.660,51.80,49.99,0.0600,2.56,Reduce AHU,1,normal,info,,online,valid,f,7148b36f-5c54-4fd2-a4f6-619b90f41a69,1b17a05b-18db-4c6f-80e3-18b47f6cb8c4
2026-07-29 11:22:38.203-07,65.94,19.95,25.08,24.32,0.690,57.89,45.48,0.0900,0.32,Eco Mode,4,normal,info,,online,valid,f,f98183ca-fc33-4bdf-96c8-078171635713,1b17a05b-18db-4c6f-80e3-18b47f6cb8c4
2026-07-29 11:22:38.26-07,88.01,30.77,37.60,22.28,0.300,24.86,29.83,0.0400,1.72,Increase Chiller,0,cooling_failure,critical,chiller_loop,degraded,valid,t,45959169-badb-4b1e-bb49-4f262bab6508,1b17a05b-18db-4c6f-80e3-18b47f6cb8c4
2026-07-29 11:22:38.314-07,70.86,23.12,29.59,20.68,0.820,78.04,40.02,0.0700,3.32,Increase Chiller,0,normal,info,,online,valid,f,8c332d0e-2b1c-419e-8f5e-9db40ce323d0,1b17a05b-18db-4c6f-80e3-18b47f6cb8c4
2026-07-29 11:22:38.371-07,90.04,24.09,24.09,21.76,0.930,86.94,47.56,0.1100,2.24,Eco Mode,4,normal,info,,online,valid,f,ac1e1136-067a-41e2-8cf9-acb8b737de2e,1b17a05b-18db-4c6f-80e3-18b47f6cb8c4
2026-07-29 11:22:38.424-07,65.24,22.39,30.14,20.80,0.650,57.25,39.30,0.0900,3.20,Increase Chiller,0,normal,info,,online,valid,f,b86e618d-94f8-4550-9520-aec1b33f8d1b,1b17a05b-18db-4c6f-80e3-18b47f6cb8c4
2026-07-29 11:22:38.478-07,78.79,23.88,30.94,29.75,0.910,78.59,55.53,0.1100,5.75,Maintain,2,normal,info,,online,valid,f,2dc33de1-f4c1-4eb5-b3b1-738640b302f1,1b17a05b-18db-4c6f-80e3-18b47f6cb8c4
2026-07-29 11:22:38.535-07,66.41,20.06,25.83,24.21,0.780,66.20,49.14,0.1000,0.21,Boost All,3,normal,info,,online,valid,f,2615a6d1-5ac4-4f82-a58e-fdcda4612aca,1b17a05b-18db-4c6f-80e3-18b47f6cb8c4
2026-07-29 11:22:38.59-07,84.93,22.65,32.00,23.68,0.990,94.80,46.14,0.1500,0.32,Reduce AHU,1,outlier,warning,,online,valid,t,957178f7-c503-465e-85d5-5c2a2ed1e42c,1b17a05b-18db-4c6f-80e3-18b47f6cb8c4
2026-07-29 11:22:38.646-07,55.33,20.95,23.81,25.36,0.760,63.84,49.61,0.1100,1.36,Eco Mode,4,normal,info,,online,valid,f,f49f4cec-f1e3-47b6-89fc-fdd25e9124a4,1b17a05b-18db-4c6f-80e3-18b47f6cb8c4
2026-07-29 11:22:38.699-07,54.53,19.89,27.44,24.95,0.740,63.93,45.13,0.0900,0.95,Reduce AHU,1,normal,info,,online,valid,f,19f2cdcc-7a3c-4345-8d3a-8dff84a49a44,1b17a05b-18db-4c6f-80e3-18b47f6cb8c4
2026-07-29 11:22:38.755-07,49.49,19.13,22.48,24.50,0.670,52.51,50.39,0.1000,0.50,Maintain,2,normal,info,,online,valid,f,a52d0f65-ea74-498a-a3c8-55a7e0b3ba0f,1b17a05b-18db-4c6f-80e3-18b47f6cb8c4
2026-07-29 11:22:38.81-07,83.23,23.95,29.53,24.15,0.890,82.14,47.46,0.0900,0.15,Increase Chiller,0,normal,info,,online,valid,f,4f4f114c-a674-4ede-96ed-81d9eca16b66,1b17a05b-18db-4c6f-80e3-18b47f6cb8c4
2026-07-29 11:22:38.866-07,88.25,23.38,27.34,18.88,0.840,82.20,36.97,0.1100,5.12,Increase Chiller,0,normal,info,,online,valid,f,51d0538d-d49d-4431-8846-723b77277882,1b17a05b-18db-4c6f-80e3-18b47f6cb8c4
2026-07-29 11:22:38.919-07,100.00,26.13,30.43,27.81,1.070,98.69,55.53,0.1200,3.81,Eco Mode,4,normal,info,,online,valid,f,9744a74c-97c8-4b1d-a54f-24431438ef32,1b17a05b-18db-4c6f-80e3-18b47f6cb8c4
2026-07-29 11:22:38.976-07,16.62,17.08,20.98,21.90,0.390,20.00,46.97,0.0300,2.10,Maintain,2,normal,info,,online,valid,f,c5703c12-9f7e-43be-b53f-56ad1e1fef04,1b17a05b-18db-4c6f-80e3-18b47f6cb8c4
2026-07-29 11:22:39.029-07,98.86,25.35,31.10,19.80,1.020,90.43,60.88,0.1000,4.20,Boost All,3,workload_spike,warning,,online,valid,t,d868af08-e0fe-445c-a9ed-3622c6a5f740,1b17a05b-18db-4c6f-80e3-18b47f6cb8c4
2026-07-29 11:22:39.084-07,43.08,18.58,25.15,23.54,0.610,47.45,46.39,0.0500,0.46,Maintain,2,normal,info,,online,valid,f,d8c8964c-9c1f-4dca-9b7f-f0028c4abdb4,1b17a05b-18db-4c6f-80e3-18b47f6cb8c4
2026-07-29 11:22:39.139-07,93.49,26.36,30.93,18.00,0.890,90.05,34.66,0.1200,6.00,Reduce AHU,1,normal,info,,online,valid,f,af7ddcec-7608-4647-82f3-2359076e26bc,1b17a05b-18db-4c6f-80e3-18b47f6cb8c4
2026-07-29 11:22:39.195-07,96.49,26.63,31.77,26.79,1.100,89.93,66.69,0.1100,2.79,Boost All,3,workload_spike,warning,,online,valid,t,2677b989-9765-4132-9dfc-18a22bff81c6,1b17a05b-18db-4c6f-80e3-18b47f6cb8c4
2026-07-29 11:22:39.249-07,72.86,21.87,22.15,25.75,0.830,71.86,51.52,0.1200,1.75,Increase Chiller,0,normal,info,,online,valid,f,fe0b4fa0-5919-49bf-8fa6-f476307b2ad1,1b17a05b-18db-4c6f-80e3-18b47f6cb8c4
2026-07-29 11:22:39.304-07,76.96,24.40,28.19,28.83,0.840,70.17,55.87,0.0800,4.83,Boost All,3,normal,info,,online,valid,f,43c51c1b-82ea-48af-a363-2ddb012e1213,1b17a05b-18db-4c6f-80e3-18b47f6cb8c4
2026-07-29 11:22:39.359-07,57.77,21.00,24.91,19.86,0.630,54.25,39.25,0.0700,4.14,Maintain,2,normal,info,,online,valid,f,536bd903-2bfe-44e0-9cde-682edf536905,1b17a05b-18db-4c6f-80e3-18b47f6cb8c4
2026-07-29 11:22:39.415-07,50.21,19.09,23.42,25.47,0.710,57.75,49.10,0.0600,1.47,Increase Chiller,0,normal,info,,online,valid,f,cdc0601e-a74e-49e4-adb8-9886991ec55d,1b17a05b-18db-4c6f-80e3-18b47f6cb8c4
2026-07-29 11:22:39.472-07,66.63,22.41,28.40,21.64,0.770,67.68,44.92,0.0800,2.36,Maintain,2,normal,info,,online,valid,f,c6709ae1-8205-414b-94b0-9988470c745f,1b17a05b-18db-4c6f-80e3-18b47f6cb8c4
2026-07-29 11:22:39.524-07,55.68,20.22,27.09,21.39,0.620,49.78,43.96,0.0500,2.61,Reduce AHU,1,normal,info,,online,valid,f,1d346c74-cd1f-4190-b912-9c1211775a5c,1b17a05b-18db-4c6f-80e3-18b47f6cb8c4
2026-07-29 11:22:39.58-07,74.15,21.62,24.74,24.86,0.820,70.05,52.55,0.1100,0.86,Increase Chiller,0,normal,info,,online,valid,f,64d468db-2d68-4ac0-b943-b05a47228198,1b17a05b-18db-4c6f-80e3-18b47f6cb8c4
2026-07-29 11:22:39.635-07,63.73,20.71,25.24,20.45,0.780,69.55,45.53,0.0700,3.55,Eco Mode,4,normal,info,,online,valid,f,a2495d1f-b684-4809-8174-2d3f0fb9bc6c,1b17a05b-18db-4c6f-80e3-18b47f6cb8c4
2026-07-29 11:22:39.692-07,21.36,18.07,25.20,22.81,0.490,30.73,49.39,0.0500,1.19,Eco Mode,4,normal,info,,online,valid,f,94b5843e-b9f8-448f-afb9-42a38158b969,1b17a05b-18db-4c6f-80e3-18b47f6cb8c4
2026-07-29 11:22:39.744-07,41.73,18.49,23.25,24.65,0.650,47.86,52.96,0.0900,0.65,Increase Chiller,0,normal,info,,online,valid,f,cc75a306-b062-4247-9bc0-cf24a302d12c,1b17a05b-18db-4c6f-80e3-18b47f6cb8c4
2026-07-29 11:22:39.799-07,51.95,21.83,28.47,28.47,0.730,58.68,52.87,0.1100,4.47,Boost All,3,normal,info,,online,valid,f,aeed2c1b-cef5-4339-9015-ee106d9e0fc4,1b17a05b-18db-4c6f-80e3-18b47f6cb8c4
2026-07-29 11:22:39.852-07,66.15,20.89,26.18,23.00,0.710,62.52,42.05,0.1000,1.00,Eco Mode,4,normal,info,,online,valid,f,1323d726-1a3f-48d2-86db-a14608ce9bb3,1b17a05b-18db-4c6f-80e3-18b47f6cb8c4
2026-07-29 11:22:39.906-07,85.30,25.19,32.23,21.71,0.960,92.67,43.32,0.1000,2.29,Increase Chiller,0,normal,info,,online,valid,f,2984f299-59bc-4afb-a78a-fb95475c3c58,1b17a05b-18db-4c6f-80e3-18b47f6cb8c4
2026-07-29 11:22:39.961-07,97.53,29.95,38.40,23.27,0.410,13.88,27.91,0.0500,0.73,Increase Chiller,0,cooling_failure,critical,chiller_loop,degraded,valid,t,35d49bff-3683-463a-b2a6-801af68c20d9,1b17a05b-18db-4c6f-80e3-18b47f6cb8c4
2026-07-29 11:22:40.018-07,84.73,29.03,37.96,23.04,0.350,17.46,38.24,0.0400,0.96,Increase Chiller,0,cooling_failure,critical,chiller_loop,degraded,valid,t,f1334538-7325-481f-9f08-449666c5ae0c,1b17a05b-18db-4c6f-80e3-18b47f6cb8c4
2026-07-29 11:22:40.074-07,56.01,23.08,28.24,22.65,0.670,57.99,40.44,0.0600,1.35,Boost All,3,normal,info,,online,valid,f,404dad1e-1a78-4a36-a919-dfeeda2cdc0c,1b17a05b-18db-4c6f-80e3-18b47f6cb8c4
2026-07-29 11:22:40.128-07,62.75,21.19,25.64,24.03,0.750,62.45,49.64,0.1100,0.03,Eco Mode,4,normal,info,,online,valid,f,53d57ce9-8e9a-4c19-9aae-e62a43352396,1b17a05b-18db-4c6f-80e3-18b47f6cb8c4
2026-07-29 11:22:40.184-07,40.58,17.69,23.61,25.49,0.520,34.40,48.72,0.0700,1.49,Increase Chiller,0,normal,info,,online,valid,f,02c4c299-b16c-4d29-867b-0eafd67febaf,1b17a05b-18db-4c6f-80e3-18b47f6cb8c4
2026-07-29 11:22:40.241-07,61.51,20.63,21.13,19.94,0.690,61.93,38.53,0.0700,4.06,Maintain,2,normal,info,,online,valid,f,d9723341-b7a1-4645-846e-b5c8016d5a20,1b17a05b-18db-4c6f-80e3-18b47f6cb8c4
2026-07-29 11:22:40.298-07,100.00,26.13,30.43,27.81,1.070,98.69,55.53,0.1200,3.81,Eco Mode,4,normal,info,,online,valid,f,62a58bc4-2ce4-44b1-84eb-804195ef8caa,1b17a05b-18db-4c6f-80e3-18b47f6cb8c4
2026-07-29 11:22:40.359-07,35.59,19.00,25.29,27.24,0.570,40.02,50.63,0.0500,3.24,Boost All,3,normal,info,,online,valid,f,028c0523-19e5-4cd3-acbb-6d459ac6926c,1b17a05b-18db-4c6f-80e3-18b47f6cb8c4
2026-07-29 11:22:40.416-07,34.65,18.89,25.48,23.93,0.500,35.90,43.16,0.0600,0.07,Maintain,2,normal,info,,online,valid,f,e6e82bb1-ede3-4df0-bfbf-8a9dadb40c2a,1b17a05b-18db-4c6f-80e3-18b47f6cb8c4
2026-07-29 11:22:40.468-07,34.63,17.89,23.77,29.82,0.620,39.02,62.33,0.0900,5.82,Reduce AHU,1,normal,info,,online,valid,f,41afb118-e4ed-47f1-8862-d002560cd2e5,1b17a05b-18db-4c6f-80e3-18b47f6cb8c4
2026-07-29 11:22:40.524-07,89.15,22.95,24.32,23.71,0.870,79.86,45.41,0.1000,0.29,Reduce AHU,1,normal,info,,online,valid,f,4cef32e3-c9bd-45e7-95d6-e88c718b76ca,1b17a05b-18db-4c6f-80e3-18b47f6cb8c4
2026-07-29 11:22:40.58-07,33.02,20.10,24.61,22.74,0.420,27.01,40.79,0.0400,1.26,Boost All,3,normal,info,,online,valid,f,d595cd35-0c75-4f7c-bed6-c613fcf313d8,1b17a05b-18db-4c6f-80e3-18b47f6cb8c4
2026-07-29 11:22:40.637-07,85.65,23.92,25.24,27.02,0.930,81.65,54.74,0.1400,3.02,Maintain,2,normal,info,,online,valid,f,25a67fe7-732c-469a-9424-189c55c2a2d0,1b17a05b-18db-4c6f-80e3-18b47f6cb8c4
2026-07-29 11:22:40.694-07,81.37,23.21,30.10,25.17,0.830,74.69,45.55,0.0700,1.17,Increase Chiller,0,normal,info,,online,valid,f,75b5ab6d-12d8-49ec-9304-e0a3956ed1c2,1b17a05b-18db-4c6f-80e3-18b47f6cb8c4
2026-07-29 11:22:40.746-07,71.68,22.58,26.88,26.50,0.870,76.29,52.12,0.0700,2.50,Maintain,2,normal,info,,online,valid,f,bf6a7d4d-8fce-47ff-bb04-661fba1ee874,1b17a05b-18db-4c6f-80e3-18b47f6cb8c4
2026-07-29 11:22:40.802-07,79.03,24.25,29.49,26.33,0.870,75.88,52.37,0.1000,2.33,Reduce AHU,1,normal,info,,online,valid,f,ab88794b-2831-415e-81e5-c37710deb562,1b17a05b-18db-4c6f-80e3-18b47f6cb8c4
2026-07-29 11:22:40.856-07,99.96,25.07,29.61,19.62,1.100,90.94,66.90,0.1100,4.38,Boost All,3,workload_spike,warning,,online,valid,t,aba1e6ff-10bf-4340-8958-402ea8b72992,1b17a05b-18db-4c6f-80e3-18b47f6cb8c4
2026-07-29 11:22:40.913-07,45.12,17.68,21.42,25.39,0.540,37.09,47.92,0.0800,1.39,Increase Chiller,0,normal,info,,online,valid,f,563fdfaa-c0db-478c-adf1-178941acbefb,1b17a05b-18db-4c6f-80e3-18b47f6cb8c4
2026-07-29 11:22:40.969-07,31.59,15.80,23.53,26.45,0.490,25.38,56.97,0.0600,2.45,Maintain,2,normal,info,,online,valid,f,dac8f13d-026e-4cda-9c50-31180d4557d8,1b17a05b-18db-4c6f-80e3-18b47f6cb8c4
2026-07-29 11:22:41.022-07,79.06,21.98,26.28,28.90,0.990,85.55,60.63,0.1000,4.90,Reduce AHU,1,normal,info,,online,valid,f,da836d12-5130-42da-8755-f9c6a6fc8c96,1b17a05b-18db-4c6f-80e3-18b47f6cb8c4
2026-07-29 11:22:41.074-07,97.72,26.75,33.74,29.05,1.030,86.00,62.11,0.1000,5.05,Boost All,3,workload_spike,warning,,online,valid,t,9f808bdc-7f45-4c77-bb21-3843e00cf361,1b17a05b-18db-4c6f-80e3-18b47f6cb8c4
2026-07-29 11:22:41.13-07,70.57,22.62,25.27,26.26,0.750,60.63,52.63,0.0700,2.26,Boost All,3,normal,info,,online,valid,f,83389cd5-ffe2-4136-a0ff-ccd464b0094b,1b17a05b-18db-4c6f-80e3-18b47f6cb8c4
2026-07-29 11:22:41.187-07,70.38,22.97,29.47,22.19,0.860,79.17,45.67,0.1300,1.81,Reduce AHU,1,normal,info,,online,valid,f,66b89eae-1fc9-41c6-adfb-8d3455fd03a6,1b17a05b-18db-4c6f-80e3-18b47f6cb8c4
2026-07-29 11:22:41.243-07,96.98,26.66,32.41,25.11,1.030,100.00,45.45,0.1000,1.11,Maintain,2,normal,info,,online,valid,f,577175c0-5cc5-4454-a7b9-6ac81d81320d,1b17a05b-18db-4c6f-80e3-18b47f6cb8c4
2026-07-29 11:22:41.3-07,97.29,25.79,30.67,24.13,1.060,89.36,59.11,0.1100,0.13,Boost All,3,workload_spike,warning,,online,valid,t,3568bb63-251c-45c4-9f00-e7d8392629e6,1b17a05b-18db-4c6f-80e3-18b47f6cb8c4
2026-07-29 11:22:41.356-07,44.19,20.28,23.66,26.73,0.560,39.26,49.77,0.0600,2.73,Boost All,3,normal,info,,online,valid,f,cf5376ee-bba0-4352-92bc-cc4e1484db7d,1b17a05b-18db-4c6f-80e3-18b47f6cb8c4
2026-07-29 11:22:41.412-07,66.92,22.90,26.65,23.05,0.810,75.71,41.34,0.1000,0.95,Maintain,2,normal,info,,online,valid,f,0dbcb7b1-b2d7-44c8-bacd-b6eb045b7148,1b17a05b-18db-4c6f-80e3-18b47f6cb8c4
2026-07-29 11:22:41.467-07,86.22,23.12,29.93,28.68,0.960,85.85,54.68,0.0800,4.68,Eco Mode,4,normal,info,,online,valid,f,bb765169-adfd-493d-9657-d2a80a0899da,1b17a05b-18db-4c6f-80e3-18b47f6cb8c4
2026-07-29 11:22:41.524-07,97.90,26.04,32.81,26.41,1.060,91.59,64.01,0.1100,2.41,Boost All,3,workload_spike,warning,,online,valid,t,858b47c4-d235-4bde-b6e7-86504a72c494,1b17a05b-18db-4c6f-80e3-18b47f6cb8c4
2026-07-29 11:22:41.58-07,100.00,24.77,27.70,21.92,1.000,100.00,39.52,0.1500,2.08,Maintain,2,outlier,warning,,online,valid,t,c4ec97ae-0fbb-4c80-8c32-7dc572c0c44e,1b17a05b-18db-4c6f-80e3-18b47f6cb8c4
2026-07-29 11:22:41.637-07,94.00,26.27,31.22,18.00,0.960,88.88,66.38,0.1000,6.00,Boost All,3,workload_spike,warning,,online,valid,t,1ed192bb-d81e-428d-96a3-6ea11f99d5fb,1b17a05b-18db-4c6f-80e3-18b47f6cb8c4
2026-07-29 11:22:41.694-07,36.24,18.74,23.80,22.29,0.560,44.97,40.47,0.0800,1.71,Reduce AHU,1,normal,info,,online,valid,f,0b13b134-bcaf-4d87-9d4b-c8f5e4cc4e5b,1b17a05b-18db-4c6f-80e3-18b47f6cb8c4
2026-07-29 11:22:41.748-07,49.80,99.99,24.75,23.80,0.580,42.42,48.33,0.0700,0.20,Eco Mode,4,sensor_fault,critical,inlet_temperature_sensor,fault,suspect,t,8b061160-4f2b-4db0-872a-62e4ec1b3dda,1b17a05b-18db-4c6f-80e3-18b47f6cb8c4
2026-07-29 11:22:41.805-07,80.77,22.46,27.30,27.84,0.860,74.81,52.96,0.0800,3.84,Maintain,2,normal,info,,online,valid,f,c3ffa48d-f9ad-4588-92cb-c8a0f6e7b3db,1b17a05b-18db-4c6f-80e3-18b47f6cb8c4
2026-07-29 11:22:41.86-07,71.99,21.32,25.08,19.63,0.710,66.71,34.29,0.0700,4.37,Maintain,2,normal,info,,online,valid,f,e7f3466a-6d3c-4b35-9026-09c3f458bfc8,1b17a05b-18db-4c6f-80e3-18b47f6cb8c4
2026-07-29 11:22:41.917-07,86.41,24.29,30.16,26.19,1.010,94.83,51.23,0.1400,2.19,Reduce AHU,1,normal,info,,online,valid,f,d00dccb3-167e-42d4-80f0-9a964be137ec,1b17a05b-18db-4c6f-80e3-18b47f6cb8c4
2026-07-29 11:22:41.974-07,19.97,18.57,20.48,29.96,0.440,20.00,56.65,0.0600,5.96,Boost All,3,normal,info,,online,valid,f,9a5d544e-6a54-480b-bf28-b97fba36597d,1b17a05b-18db-4c6f-80e3-18b47f6cb8c4
2026-07-29 11:22:42.03-07,86.61,22.07,27.73,21.72,0.870,79.64,46.24,0.0800,2.28,Maintain,2,normal,info,,online,valid,f,07c0f608-02f2-4648-a9ee-4b445b5a1a43,1b17a05b-18db-4c6f-80e3-18b47f6cb8c4
2026-07-29 11:22:42.087-07,74.02,22.92,28.21,23.38,0.830,75.60,44.62,0.1000,0.62,Boost All,3,normal,info,,online,valid,f,dffd45df-79c9-43db-94b0-8ef28d59af22,1b17a05b-18db-4c6f-80e3-18b47f6cb8c4
2026-07-29 11:22:42.144-07,83.06,24.49,29.33,29.53,1.050,91.10,63.26,0.1000,5.53,Maintain,2,normal,info,,online,valid,f,cbad9657-2d95-4603-893d-57463ec5951e,1b17a05b-18db-4c6f-80e3-18b47f6cb8c4
2026-07-29 11:22:42.202-07,67.96,20.90,24.13,23.89,0.870,77.61,49.00,0.1000,0.11,Reduce AHU,1,normal,info,,online,valid,f,5ad88bda-c93a-4396-9c31-25bcbb5df520,1b17a05b-18db-4c6f-80e3-18b47f6cb8c4
2026-07-29 11:22:42.258-07,39.83,99.99,21.43,22.79,0.460,32.44,41.10,0.0600,1.21,Maintain,2,sensor_fault,critical,inlet_temperature_sensor,fault,suspect,t,df8c43a7-ee5e-49b1-bc69-b56c552707a6,1b17a05b-18db-4c6f-80e3-18b47f6cb8c4
2026-07-29 11:22:42.315-07,46.63,20.48,24.55,22.16,0.540,42.50,40.64,0.0700,1.84,Boost All,3,normal,info,,online,valid,f,9779b2f9-4465-449e-b862-7313fae3d433,1b17a05b-18db-4c6f-80e3-18b47f6cb8c4
2026-07-29 11:22:42.372-07,46.00,17.73,25.74,23.77,0.610,45.51,48.86,0.0500,0.23,Eco Mode,4,normal,info,,online,valid,f,ed0d967d-a1f7-4968-a6ea-53f2b742098e,1b17a05b-18db-4c6f-80e3-18b47f6cb8c4
2026-07-29 11:22:42.426-07,65.17,22.26,26.43,20.61,0.730,64.56,43.44,0.0800,3.39,Boost All,3,normal,info,,online,valid,f,2ae0912f-e117-43bd-ad7d-0d28453b0748,1b17a05b-18db-4c6f-80e3-18b47f6cb8c4
2026-07-29 11:22:42.479-07,65.22,21.11,25.49,21.37,0.660,57.03,40.70,0.0800,2.63,Eco Mode,4,normal,info,,online,valid,f,cd8630cc-2bb2-4266-b5e7-912858ec0043,1b17a05b-18db-4c6f-80e3-18b47f6cb8c4
2026-07-29 11:22:42.536-07,93.39,25.21,29.76,19.59,0.980,96.17,42.48,0.1400,4.41,Maintain,2,normal,info,,online,valid,f,92b44487-2923-4e2a-8db0-fe3c3cb068c5,1b17a05b-18db-4c6f-80e3-18b47f6cb8c4
2026-07-29 11:22:42.591-07,80.58,21.96,26.38,24.62,0.860,79.12,46.15,0.0800,0.62,Maintain,2,normal,info,,online,valid,f,e8b101c9-8654-43f0-aac2-ab2b5612ef85,1b17a05b-18db-4c6f-80e3-18b47f6cb8c4
2026-07-29 11:22:42.646-07,82.48,23.26,34.93,22.95,0.960,88.15,50.70,0.1200,1.05,Boost All,3,outlier,warning,,online,valid,t,fe837026-9205-40fa-b759-29aea0490b66,1b17a05b-18db-4c6f-80e3-18b47f6cb8c4
2026-07-29 11:22:42.702-07,69.26,20.61,26.66,20.57,0.730,64.93,41.77,0.0600,3.43,Reduce AHU,1,normal,info,,online,valid,f,1ed3aca8-6e83-4181-bafa-c65742c3d6b9,1b17a05b-18db-4c6f-80e3-18b47f6cb8c4
2026-07-29 11:22:42.755-07,41.35,18.75,21.40,22.93,0.520,34.92,49.13,0.0500,1.07,Maintain,2,normal,info,,online,valid,f,37153e0e-20f0-4c0d-b332-f390bac0c371,1b17a05b-18db-4c6f-80e3-18b47f6cb8c4
2026-07-29 11:22:42.812-07,52.98,20.18,25.62,25.11,0.720,60.75,46.21,0.0800,1.11,Boost All,3,normal,info,,online,valid,f,ee19b788-d452-4295-9a79-8e87d1e055db,1b17a05b-18db-4c6f-80e3-18b47f6cb8c4
2026-07-29 11:22:42.869-07,54.90,20.20,27.49,20.63,0.710,62.36,41.91,0.1000,3.37,Eco Mode,4,normal,info,,online,valid,f,3d9ff7ea-7a1e-436d-981a-ab00eee64633,1b17a05b-18db-4c6f-80e3-18b47f6cb8c4
2026-07-29 11:22:42.923-07,97.15,26.87,33.83,23.86,1.010,88.54,69.87,0.1000,0.14,Boost All,3,workload_spike,warning,,online,valid,t,9ef51fd2-51c7-4774-a139-57e4742f6f10,1b17a05b-18db-4c6f-80e3-18b47f6cb8c4
2026-07-29 11:22:42.976-07,50.05,19.90,25.68,23.68,0.570,41.41,47.42,0.0700,0.32,Maintain,2,normal,info,,online,valid,f,666a1119-13ce-488a-a691-26d8aade2fda,1b17a05b-18db-4c6f-80e3-18b47f6cb8c4
2026-07-29 11:22:43.033-07,58.87,20.16,25.55,25.72,0.760,62.32,51.76,0.1100,1.72,Increase Chiller,0,normal,info,,online,valid,f,805f26a6-94b2-4f99-b808-e539edce483e,1b17a05b-18db-4c6f-80e3-18b47f6cb8c4
2026-07-29 11:22:43.087-07,65.92,20.32,23.32,20.59,0.740,66.24,41.91,0.0700,3.41,Increase Chiller,0,normal,info,,online,valid,f,c46a969d-6182-4813-b876-190c9357b20b,1b17a05b-18db-4c6f-80e3-18b47f6cb8c4
2026-07-29 11:22:43.139-07,53.46,20.74,24.85,24.75,0.660,54.84,44.90,0.0600,0.75,Eco Mode,4,normal,info,,online,valid,f,f5bcc3a3-8755-4796-ae30-62c745771c29,1b17a05b-18db-4c6f-80e3-18b47f6cb8c4
2026-07-29 11:22:43.191-07,48.33,19.61,26.39,23.44,0.580,44.25,45.34,0.0700,0.56,Boost All,3,normal,info,,online,valid,f,6a5d5cae-127b-4294-9951-d5052fd0e1ca,1b17a05b-18db-4c6f-80e3-18b47f6cb8c4
2026-07-29 11:22:43.248-07,85.72,25.17,27.83,24.37,0.910,84.40,46.91,0.1100,0.37,Increase Chiller,0,normal,info,,online,valid,f,0b324190-45e4-4bf1-91fc-e21d8775f980,1b17a05b-18db-4c6f-80e3-18b47f6cb8c4
2026-07-29 11:22:43.304-07,57.08,20.69,24.28,25.54,0.670,48.68,55.91,0.1000,1.54,Eco Mode,4,normal,info,,online,valid,f,57ebca5f-9197-4747-a982-1413a209cb54,1b17a05b-18db-4c6f-80e3-18b47f6cb8c4
2026-07-29 11:22:43.361-07,73.15,23.08,27.08,19.70,0.820,76.73,41.18,0.1000,4.30,Increase Chiller,0,normal,info,,online,valid,f,21718239-aab3-4fee-b1ad-d29313ce5b55,1b17a05b-18db-4c6f-80e3-18b47f6cb8c4
2026-07-29 11:22:43.417-07,89.27,24.31,33.41,24.70,0.930,87.83,45.80,0.1000,0.70,Reduce AHU,1,normal,info,,online,valid,f,6eccd7fa-2a35-44f8-b795-1cdb4a03f19b,1b17a05b-18db-4c6f-80e3-18b47f6cb8c4
2026-07-29 11:22:43.474-07,47.68,21.19,27.55,19.82,0.570,46.30,40.04,0.0700,4.18,Reduce AHU,1,normal,info,,online,valid,f,de1a5d2e-8e72-434e-95c4-1330b6ff18ce,1b17a05b-18db-4c6f-80e3-18b47f6cb8c4
2026-07-29 11:22:43.526-07,61.85,20.91,25.36,26.75,0.850,70.53,57.59,0.0800,2.75,Reduce AHU,1,normal,info,,online,valid,f,44ae4b24-c1e2-4217-b932-561128223c58,1b17a05b-18db-4c6f-80e3-18b47f6cb8c4
2026-07-29 11:22:43.582-07,76.82,22.21,26.21,26.51,0.830,72.04,50.58,0.1100,2.51,Reduce AHU,1,normal,info,,online,valid,f,40df0d74-2c1e-4ed5-8318-49af67a7253a,1b17a05b-18db-4c6f-80e3-18b47f6cb8c4
2026-07-29 11:22:43.638-07,89.72,25.41,33.58,31.03,1.030,92.06,59.28,0.1200,7.03,Reduce AHU,1,outlier,warning,,online,valid,t,18abc62a-00cc-4859-85b6-fe640ea8f591,1b17a05b-18db-4c6f-80e3-18b47f6cb8c4
2026-07-29 11:22:43.695-07,48.23,20.91,24.51,24.78,0.660,53.82,45.85,0.0800,0.78,Increase Chiller,0,normal,info,,online,valid,f,14023ae3-6443-44bb-a4b2-aa281b58651e,1b17a05b-18db-4c6f-80e3-18b47f6cb8c4
2026-07-29 11:22:43.752-07,62.04,20.05,25.02,24.29,0.690,55.25,49.64,0.1000,0.29,Eco Mode,4,normal,info,,online,valid,f,b5efd39a-22a8-4a72-b4cf-2d15a1d51228,1b17a05b-18db-4c6f-80e3-18b47f6cb8c4
2026-07-29 11:22:43.807-07,58.53,19.35,22.57,19.09,0.670,59.73,38.70,0.1000,4.91,Boost All,3,normal,info,,online,valid,f,f6d516c9-5b58-4747-aecb-c91fe209ace8,1b17a05b-18db-4c6f-80e3-18b47f6cb8c4
2026-07-29 11:22:43.863-07,94.67,26.59,33.01,28.32,1.030,91.83,69.69,0.1000,4.32,Boost All,3,workload_spike,warning,,online,valid,t,72df2764-f0ff-46aa-82c7-4e28d65f97d8,1b17a05b-18db-4c6f-80e3-18b47f6cb8c4
2026-07-29 11:22:43.916-07,42.39,20.07,26.65,22.59,0.530,35.21,48.76,0.0700,1.41,Increase Chiller,0,normal,info,,online,valid,f,dd900040-2641-41aa-b0f3-cc28be017613,1b17a05b-18db-4c6f-80e3-18b47f6cb8c4
2026-07-29 11:22:43.973-07,60.23,20.87,25.25,21.03,0.700,64.25,37.69,0.0700,2.97,Eco Mode,4,normal,info,,online,valid,f,864db99c-3445-4b6d-b056-a01640de141b,1b17a05b-18db-4c6f-80e3-18b47f6cb8c4
2026-07-29 11:22:44.03-07,44.45,19.07,27.84,22.63,0.650,51.55,47.38,0.0800,1.37,Increase Chiller,0,normal,info,,online,valid,f,ea15a7e7-db39-4bd5-8669-def756574218,1b17a05b-18db-4c6f-80e3-18b47f6cb8c4
2026-07-29 11:22:44.084-07,82.74,22.55,27.67,25.22,0.910,80.10,53.73,0.1300,1.22,Eco Mode,4,normal,info,,online,valid,f,e737cba6-b180-406f-a9b0-3ab72a2ae7e6,1b17a05b-18db-4c6f-80e3-18b47f6cb8c4
2026-07-29 11:22:44.141-07,68.22,21.44,25.77,26.77,0.760,61.62,54.33,0.0700,2.77,Maintain,2,normal,info,,online,valid,f,dbc4fbb9-837d-417d-bfb0-0b4016429aff,1b17a05b-18db-4c6f-80e3-18b47f6cb8c4
2026-07-29 11:22:44.198-07,59.85,19.15,24.71,22.93,0.750,62.08,50.73,0.0600,1.07,Increase Chiller,0,normal,info,,online,valid,f,b0ff66ec-4812-487f-85fd-ff5ce8d1299f,1b17a05b-18db-4c6f-80e3-18b47f6cb8c4
2026-07-29 11:22:44.253-07,54.22,22.15,26.17,24.38,0.680,52.13,53.51,0.0700,0.38,Reduce AHU,1,normal,info,,online,valid,f,0140d54b-f6f5-4f41-b9c9-5638c17387d7,1b17a05b-18db-4c6f-80e3-18b47f6cb8c4
2026-07-29 11:22:44.306-07,43.94,19.18,26.55,25.45,0.610,42.57,53.74,0.0800,1.45,Increase Chiller,0,normal,info,,online,valid,f,73f5a796-1dd6-4f41-9181-a393df4a51f8,1b17a05b-18db-4c6f-80e3-18b47f6cb8c4
2026-07-29 11:22:44.36-07,52.64,19.65,28.88,23.40,0.620,48.90,45.92,0.0900,0.60,Increase Chiller,0,normal,info,,online,valid,f,e6c668c7-1abb-4b5f-bc01-613f1d8dd7b7,1b17a05b-18db-4c6f-80e3-18b47f6cb8c4
2026-07-29 11:22:44.413-07,33.71,18.28,26.06,18.67,0.500,38.42,37.57,0.0700,5.33,Boost All,3,normal,info,,online,valid,f,406c6ffb-e1ed-489c-9f5f-efa34d9d2a03,1b17a05b-18db-4c6f-80e3-18b47f6cb8c4
2026-07-29 11:22:44.468-07,82.49,25.53,29.44,21.24,0.900,85.85,43.00,0.1300,2.76,Reduce AHU,1,normal,info,,online,valid,f,82d6da53-2a2d-4c22-83e4-d32cfb6a10f5,1b17a05b-18db-4c6f-80e3-18b47f6cb8c4
2026-07-29 11:22:44.525-07,71.12,21.34,29.54,18.34,0.810,80.04,33.98,0.1200,5.66,Eco Mode,4,normal,info,,online,valid,f,b939b53e-465c-4159-8e5d-e77d6fa84c43,1b17a05b-18db-4c6f-80e3-18b47f6cb8c4
2026-07-29 11:22:44.581-07,80.15,23.12,26.85,24.26,0.850,73.16,53.42,0.0900,0.26,Reduce AHU,1,normal,info,,online,valid,f,c7d41e23-ac72-4ae5-a8a4-ec227e6d222e,1b17a05b-18db-4c6f-80e3-18b47f6cb8c4
2026-07-29 11:22:44.638-07,90.25,29.39,36.39,25.25,0.440,17.95,33.03,0.0500,1.25,Increase Chiller,0,cooling_failure,critical,chiller_loop,degraded,valid,t,2e57fb57-cfc4-4f00-910c-58f512f854f1,1b17a05b-18db-4c6f-80e3-18b47f6cb8c4
2026-07-29 11:22:44.691-07,80.27,22.18,26.69,27.91,0.930,83.55,53.04,0.1100,3.91,Eco Mode,4,normal,info,,online,valid,f,93460781-5152-4400-8a36-a696c199acbe,1b17a05b-18db-4c6f-80e3-18b47f6cb8c4
2026-07-29 11:22:44.743-07,89.83,23.71,26.51,27.00,0.990,90.60,52.79,0.1100,3.00,Boost All,3,normal,info,,online,valid,f,c3bb8bcf-2506-4605-ba11-dd7a623f2c9a,1b17a05b-18db-4c6f-80e3-18b47f6cb8c4
2026-07-29 11:22:44.798-07,76.34,22.10,28.69,24.11,0.880,78.86,49.87,0.1200,0.11,Eco Mode,4,normal,info,,online,valid,f,bedede8d-6519-416e-b1b9-65d23c4e7166,1b17a05b-18db-4c6f-80e3-18b47f6cb8c4
2026-07-29 11:22:44.855-07,66.92,20.91,27.15,24.61,0.760,63.50,49.42,0.0700,0.61,Increase Chiller,0,normal,info,,online,valid,f,b23a4cea-7fed-47fa-8d08-640bf8814be1,1b17a05b-18db-4c6f-80e3-18b47f6cb8c4
2026-07-29 11:22:44.909-07,48.32,20.47,24.34,23.38,0.580,40.96,50.07,0.0600,0.62,Reduce AHU,1,normal,info,,online,valid,f,c19404ae-6800-47f7-b6aa-56ff97d63788,1b17a05b-18db-4c6f-80e3-18b47f6cb8c4
2026-07-29 11:22:44.965-07,84.46,22.85,30.15,19.10,0.870,85.56,37.44,0.1000,4.90,Reduce AHU,1,normal,info,,online,valid,f,41f8db8c-36b5-458d-b59b-fbc2dc0f4ca8,1b17a05b-18db-4c6f-80e3-18b47f6cb8c4
2026-07-29 11:22:45.022-07,76.52,22.49,26.65,24.81,0.850,77.98,45.63,0.0900,0.81,Eco Mode,4,normal,info,,online,valid,f,7e3f7696-4076-4672-83d0-fd6cf97dfe4b,1b17a05b-18db-4c6f-80e3-18b47f6cb8c4
2026-07-29 11:22:45.075-07,45.33,19.12,24.30,21.57,0.630,49.99,45.55,0.0800,2.43,Boost All,3,normal,info,,online,valid,f,63c5f625-8575-4d23-830c-27a44b614f90,1b17a05b-18db-4c6f-80e3-18b47f6cb8c4
2026-07-29 11:22:45.132-07,78.57,22.92,28.79,25.12,0.890,77.17,54.24,0.0900,1.12,Maintain,2,normal,info,,online,valid,f,532a5bc7-2afc-4294-a455-50d361b6d00a,1b17a05b-18db-4c6f-80e3-18b47f6cb8c4
2026-07-29 11:22:45.188-07,68.24,21.60,29.04,25.06,0.830,71.61,50.73,0.1100,1.06,Boost All,3,normal,info,,online,valid,f,c7850a75-57d2-4ea0-b59d-b4864dba0ff1,1b17a05b-18db-4c6f-80e3-18b47f6cb8c4
2026-07-29 11:22:45.241-07,89.24,30.36,36.93,23.88,0.440,10.97,37.85,0.0500,0.12,Increase Chiller,0,cooling_failure,critical,chiller_loop,degraded,valid,t,d44eb4d1-763e-42c5-a3d0-123d3132b52f,1b17a05b-18db-4c6f-80e3-18b47f6cb8c4
2026-07-29 11:22:45.298-07,67.51,21.50,31.34,24.16,0.740,59.81,52.65,0.0600,0.16,Increase Chiller,0,normal,info,,online,valid,f,f66cffb1-1091-482b-ab11-8c4afa0ed9de,1b17a05b-18db-4c6f-80e3-18b47f6cb8c4
2026-07-29 11:22:45.351-07,47.27,18.85,22.50,22.62,0.670,52.79,49.44,0.0700,1.38,Maintain,2,normal,info,,online,valid,f,0312994b-d4cb-4b46-b002-47ca4172555c,1b17a05b-18db-4c6f-80e3-18b47f6cb8c4
2026-07-29 11:22:45.406-07,48.74,18.46,19.98,21.18,0.560,43.76,41.49,0.0700,2.82,Eco Mode,4,normal,info,,online,valid,f,af22db31-f6fc-442f-aa69-ad6b165dcc3e,1b17a05b-18db-4c6f-80e3-18b47f6cb8c4
2026-07-29 11:22:45.459-07,66.30,22.91,28.56,19.71,0.770,68.57,44.40,0.0700,4.29,Eco Mode,4,normal,info,,online,valid,f,b17b7df6-daa1-4c8f-beb8-4f41968820a8,1b17a05b-18db-4c6f-80e3-18b47f6cb8c4
2026-07-29 11:22:45.513-07,73.45,21.10,25.99,29.90,0.930,80.52,57.87,0.1000,5.90,Maintain,2,normal,info,,online,valid,f,66af14ca-86b3-4aff-b694-3e2de188836f,1b17a05b-18db-4c6f-80e3-18b47f6cb8c4
2026-07-29 11:22:45.568-07,96.67,25.33,30.16,24.40,1.070,89.47,63.94,0.1100,0.40,Boost All,3,workload_spike,warning,,online,valid,t,3fc6908b-27f0-4057-a933-efb12f8e3997,1b17a05b-18db-4c6f-80e3-18b47f6cb8c4
2026-07-29 11:22:45.625-07,100.00,25.19,30.65,24.21,1.050,100.00,49.14,0.1600,0.21,Eco Mode,4,outlier,warning,,online,valid,t,89d79abf-91bd-44b0-9c6d-51e03044777c,1b17a05b-18db-4c6f-80e3-18b47f6cb8c4
2026-07-29 11:22:45.682-07,65.87,22.16,30.84,23.89,0.820,72.74,48.01,0.1000,0.11,Maintain,2,normal,info,,online,valid,f,c60946bc-3528-463d-9ce3-9f8292da688a,1b17a05b-18db-4c6f-80e3-18b47f6cb8c4
2026-07-29 11:22:45.735-07,99.94,24.97,31.21,26.92,0.950,86.47,68.80,0.1000,2.92,Boost All,3,workload_spike,warning,,online,valid,t,8fc0d90b-de26-4e79-9e11-983ae2fe78a9,1b17a05b-18db-4c6f-80e3-18b47f6cb8c4
2026-07-29 11:22:45.789-07,59.90,22.03,26.85,21.95,0.690,60.62,41.09,0.0800,2.05,Eco Mode,4,normal,info,,online,valid,f,63772e85-5f15-42e6-b9dc-d294321019fc,1b17a05b-18db-4c6f-80e3-18b47f6cb8c4
2026-07-29 11:22:45.846-07,100.00,24.35,27.67,21.55,0.940,93.05,38.52,0.0900,2.45,Boost All,3,normal,info,,online,valid,f,e7a80f6b-e797-42ab-a9ec-45abd5239e68,1b17a05b-18db-4c6f-80e3-18b47f6cb8c4
2026-07-29 11:22:45.902-07,53.24,20.79,27.93,27.12,0.650,46.03,55.87,0.0600,3.12,Increase Chiller,0,normal,info,,online,valid,f,54dfa6b0-53b7-45a5-840f-f64eff6bcbbd,1b17a05b-18db-4c6f-80e3-18b47f6cb8c4
2026-07-29 11:22:45.956-07,74.09,21.28,27.20,23.37,0.800,71.26,46.45,0.0900,0.63,Boost All,3,normal,info,,online,valid,f,81fa45e6-86d3-4508-a4f5-310e32f6931f,1b17a05b-18db-4c6f-80e3-18b47f6cb8c4
2026-07-29 11:22:46.01-07,94.06,24.93,30.21,23.19,1.070,99.63,68.46,0.1100,0.81,Boost All,3,workload_spike,warning,,online,valid,t,e5f88f6f-8d62-4351-81bb-9215eaf353fe,1b17a05b-18db-4c6f-80e3-18b47f6cb8c4
2026-07-29 11:22:46.067-07,50.22,20.65,23.50,25.05,0.730,58.13,52.65,0.0600,1.05,Reduce AHU,1,normal,info,,online,valid,f,d193418f-9307-4c67-992b-7c02d8975d56,1b17a05b-18db-4c6f-80e3-18b47f6cb8c4
2026-07-29 11:22:46.123-07,38.12,19.29,25.10,23.00,0.480,31.06,45.40,0.0700,1.00,Increase Chiller,0,normal,info,,online,valid,f,f5aee7a2-b63d-4418-b01a-ca4e2c77f457,1b17a05b-18db-4c6f-80e3-18b47f6cb8c4
2026-07-29 11:22:46.179-07,52.67,21.50,25.57,22.87,0.710,60.94,44.65,0.1000,1.13,Eco Mode,4,normal,info,,online,valid,f,a8982198-dfd1-4e61-8b9a-73d0a3bd290d,1b17a05b-18db-4c6f-80e3-18b47f6cb8c4
2026-07-29 11:22:46.236-07,61.76,22.78,24.11,23.33,0.770,65.03,50.53,0.0600,0.67,Increase Chiller,0,normal,info,,online,valid,f,c29cf8d1-54ad-49a9-ad80-cb5f4f8aa305,1b17a05b-18db-4c6f-80e3-18b47f6cb8c4
2026-07-29 11:22:46.292-07,97.46,28.08,36.75,24.34,0.440,15.61,39.73,0.0500,0.34,Increase Chiller,0,cooling_failure,critical,chiller_loop,degraded,valid,t,02bf6863-fa97-4be0-b737-edb835796b57,1b17a05b-18db-4c6f-80e3-18b47f6cb8c4
2026-07-29 11:22:46.345-07,56.86,21.97,27.17,22.87,0.750,66.57,43.11,0.0900,1.13,Boost All,3,normal,info,,online,valid,f,67bd5f2c-58cd-4bad-a69b-dce210552ce3,1b17a05b-18db-4c6f-80e3-18b47f6cb8c4
2026-07-29 11:22:46.402-07,66.50,20.64,26.98,25.25,0.850,74.55,50.85,0.1000,1.25,Eco Mode,4,normal,info,,online,valid,f,c1abd5c9-62b5-4b45-a6d4-007a5de21bab,1b17a05b-18db-4c6f-80e3-18b47f6cb8c4
2026-07-29 11:22:46.457-07,91.92,28.65,36.18,28.50,0.400,17.79,28.45,0.0500,4.50,Increase Chiller,0,cooling_failure,critical,chiller_loop,degraded,valid,t,54163594-0273-4e8f-ae3c-4d02316e5e26,1b17a05b-18db-4c6f-80e3-18b47f6cb8c4
2026-07-29 11:22:46.514-07,73.98,22.68,28.32,22.57,0.810,71.65,48.13,0.0800,1.43,Maintain,2,normal,info,,online,valid,f,b4e01e6d-8271-4682-af72-1ee1a1af01e5,1b17a05b-18db-4c6f-80e3-18b47f6cb8c4
2026-07-29 11:22:46.571-07,55.15,21.99,26.74,28.25,0.780,64.21,53.53,0.0900,4.25,Eco Mode,4,normal,info,,online,valid,f,ef7f7bc0-8c8a-449e-a890-0e711fe79809,1b17a05b-18db-4c6f-80e3-18b47f6cb8c4
2026-07-29 11:22:46.625-07,60.58,21.49,27.09,22.91,0.640,53.67,42.06,0.0800,1.09,Increase Chiller,0,normal,info,,online,valid,f,bd71b4ed-04e8-493b-98bd-b6753d2e0154,1b17a05b-18db-4c6f-80e3-18b47f6cb8c4
2026-07-29 11:22:46.68-07,58.67,19.92,23.38,26.55,0.720,58.76,49.21,0.0600,2.55,Boost All,3,normal,info,,online,valid,f,f4cc26c9-b47c-4ba8-999c-a428f12020b3,1b17a05b-18db-4c6f-80e3-18b47f6cb8c4
2026-07-29 11:22:46.737-07,67.23,20.19,24.63,24.40,0.770,67.75,46.03,0.0900,0.40,Maintain,2,normal,info,,online,valid,f,87906da6-c033-467b-9d7b-e83bc0aa83c6,1b17a05b-18db-4c6f-80e3-18b47f6cb8c4
2026-07-29 11:22:46.794-07,67.88,22.33,29.00,20.66,0.820,77.33,39.80,0.0800,3.34,Boost All,3,normal,info,,online,valid,f,08c84fa4-98f2-47c9-8eec-b7c4622b0b98,1b17a05b-18db-4c6f-80e3-18b47f6cb8c4
2026-07-29 11:22:46.852-07,79.20,23.46,28.30,22.21,0.910,84.04,47.00,0.1000,1.79,Eco Mode,4,normal,info,,online,valid,f,72a37209-077c-4c8c-9a82-5003b582fb42,1b17a05b-18db-4c6f-80e3-18b47f6cb8c4
2026-07-29 11:22:46.907-07,45.34,21.64,26.15,23.40,0.560,42.03,44.04,0.0600,0.60,Reduce AHU,1,normal,info,,online,valid,f,50315d9a-f9d0-4a7c-8d22-723762faffda,1b17a05b-18db-4c6f-80e3-18b47f6cb8c4
2026-07-29 11:22:46.964-07,71.21,21.28,23.90,23.55,0.800,72.32,43.75,0.0700,0.45,Reduce AHU,1,normal,info,,online,valid,f,6e21ad2b-0fc7-49d6-aee0-fb2f87c64a1c,1b17a05b-18db-4c6f-80e3-18b47f6cb8c4
2026-07-29 11:22:47.02-07,75.99,23.29,28.36,26.06,0.840,73.86,49.87,0.0700,2.06,Reduce AHU,1,normal,info,,online,valid,f,c1d65108-3be2-460a-865f-3abcff8bab53,1b17a05b-18db-4c6f-80e3-18b47f6cb8c4
2026-07-29 11:22:47.073-07,84.08,23.87,29.90,19.12,0.940,93.11,39.34,0.1400,4.88,Eco Mode,4,normal,info,,online,valid,f,7ea0620c-218a-44fd-9647-2b6e09f600ef,1b17a05b-18db-4c6f-80e3-18b47f6cb8c4
2026-07-29 11:22:47.128-07,67.21,22.58,24.62,24.91,0.720,57.38,52.01,0.0600,0.91,Maintain,2,normal,info,,online,valid,f,fd4ada47-cbc7-449e-8459-7c4cb93b2d23,1b17a05b-18db-4c6f-80e3-18b47f6cb8c4
2026-07-29 11:22:47.185-07,83.58,29.74,38.26,26.42,0.350,11.42,39.30,0.0400,2.42,Increase Chiller,0,cooling_failure,critical,chiller_loop,degraded,valid,t,fad33538-bfa6-482e-8930-6b415dce9ecb,1b17a05b-18db-4c6f-80e3-18b47f6cb8c4
2026-07-29 11:22:47.24-07,94.57,24.82,30.90,19.58,0.950,90.47,69.11,0.1000,4.42,Boost All,3,workload_spike,warning,,online,valid,t,adfdf7e5-71fb-459c-9cc4-273fa6eca9ed,1b17a05b-18db-4c6f-80e3-18b47f6cb8c4
2026-07-29 11:22:47.296-07,35.21,19.05,21.65,24.62,0.520,36.11,45.83,0.0700,0.62,Boost All,3,normal,info,,online,valid,f,5824ce47-0fd2-4c05-8a5f-f3187005e8ee,1b17a05b-18db-4c6f-80e3-18b47f6cb8c4
2026-07-29 11:22:47.353-07,39.91,18.61,24.34,21.90,0.600,45.23,48.61,0.0800,2.10,Reduce AHU,1,normal,info,,online,valid,f,6d01dde7-080c-4cfd-a40c-a42a01a01422,1b17a05b-18db-4c6f-80e3-18b47f6cb8c4
2026-07-29 11:22:47.405-07,67.45,22.89,31.47,21.28,0.790,73.46,39.98,0.0800,2.72,Increase Chiller,0,normal,info,,online,valid,f,858fbf2b-b203-4791-b386-295f32a35dee,1b17a05b-18db-4c6f-80e3-18b47f6cb8c4
2026-07-29 11:22:47.458-07,76.16,22.11,26.50,18.32,0.730,69.46,34.35,0.1000,5.68,Maintain,2,normal,info,,online,valid,f,7333d8e9-958c-4dec-91b0-4b3695f90c1b,1b17a05b-18db-4c6f-80e3-18b47f6cb8c4
2026-07-29 11:22:47.515-07,80.27,23.31,28.88,22.29,0.790,73.68,41.06,0.0700,1.71,Reduce AHU,1,normal,info,,online,valid,f,972784cf-c7f4-442e-a605-d3dc2dfb7f46,1b17a05b-18db-4c6f-80e3-18b47f6cb8c4
2026-07-29 11:22:47.571-07,80.62,22.22,27.87,25.84,0.920,82.62,52.71,0.0900,1.84,Reduce AHU,1,normal,info,,online,valid,f,69d825e9-2c64-4cd6-a409-22f197325c44,1b17a05b-18db-4c6f-80e3-18b47f6cb8c4
2026-07-29 11:22:47.629-07,65.92,21.95,28.18,21.60,0.770,68.31,45.43,0.0800,2.40,Increase Chiller,0,normal,info,,online,valid,f,495d7ef2-92a7-4ddb-b76d-7ac4494e28bb,1b17a05b-18db-4c6f-80e3-18b47f6cb8c4
2026-07-29 11:22:47.686-07,44.41,17.01,17.46,25.13,0.530,38.09,45.80,0.0800,1.13,Increase Chiller,0,outlier,warning,,online,valid,t,d84d5b63-bb66-4f15-87e4-ba7213180243,1b17a05b-18db-4c6f-80e3-18b47f6cb8c4
2026-07-29 11:22:47.741-07,82.08,23.37,27.50,20.38,0.830,79.03,38.91,0.0700,3.62,Increase Chiller,0,normal,info,,online,valid,f,7ceda743-998c-4704-916a-8abf99b0ab4a,1b17a05b-18db-4c6f-80e3-18b47f6cb8c4
2026-07-29 11:22:47.797-07,68.90,20.95,26.06,22.44,0.810,74.67,43.32,0.1000,1.56,Eco Mode,4,normal,info,,online,valid,f,396821dc-d19d-4525-97b3-9be9c8f4efd8,1b17a05b-18db-4c6f-80e3-18b47f6cb8c4
2026-07-29 11:22:47.853-07,95.40,26.28,30.95,20.60,0.980,92.36,62.25,0.1000,3.40,Boost All,3,workload_spike,warning,,online,valid,t,001d3ae9-3040-4e41-8172-c10d6663a557,1b17a05b-18db-4c6f-80e3-18b47f6cb8c4
2026-07-29 11:22:47.909-07,100.00,25.31,31.40,23.01,1.030,100.00,46.45,0.1500,0.99,Boost All,3,outlier,warning,,online,valid,t,25fa6e80-66a7-4ea2-8690-3560c90fe9f7,1b17a05b-18db-4c6f-80e3-18b47f6cb8c4
2026-07-29 11:22:47.964-07,65.44,19.08,25.11,25.55,0.710,58.82,47.80,0.0900,1.55,Increase Chiller,0,normal,info,,online,valid,f,14f51a31-afec-435e-8d1b-e7d3dcb0cbd6,1b17a05b-18db-4c6f-80e3-18b47f6cb8c4
2026-07-29 11:22:48.023-07,94.48,25.39,30.77,24.06,1.070,97.79,63.06,0.1100,0.06,Boost All,3,workload_spike,warning,,online,valid,t,a38960b3-ef09-4619-97e4-f6d88d821991,1b17a05b-18db-4c6f-80e3-18b47f6cb8c4
2026-07-29 11:22:48.077-07,50.04,19.60,24.93,18.83,0.610,51.90,39.50,0.0700,5.17,Reduce AHU,1,normal,info,,online,valid,f,9afbc06a-cb22-4475-a1ef-41cba10589ce,1b17a05b-18db-4c6f-80e3-18b47f6cb8c4
2026-07-29 11:22:48.133-07,66.68,24.22,27.97,23.46,0.840,75.95,47.22,0.0900,0.54,Boost All,3,normal,info,,online,valid,f,a4fdc9ba-c773-4ad9-b13f-ec4be9f93e34,1b17a05b-18db-4c6f-80e3-18b47f6cb8c4
2026-07-29 11:22:48.188-07,65.88,21.60,25.06,25.46,0.730,59.53,50.31,0.1100,1.46,Maintain,2,normal,info,,online,valid,f,7dd47d83-0fba-492f-a456-191b17ac98d4,1b17a05b-18db-4c6f-80e3-18b47f6cb8c4
2026-07-29 11:22:48.244-07,85.83,22.96,28.32,21.73,0.890,84.42,42.92,0.0900,2.27,Reduce AHU,1,normal,info,,online,valid,f,00b39b3b-42f4-4fa5-bb1a-9ef72344eb91,1b17a05b-18db-4c6f-80e3-18b47f6cb8c4
2026-07-29 11:22:48.3-07,70.04,21.64,29.13,21.97,0.820,75.99,42.94,0.0800,2.03,Reduce AHU,1,normal,info,,online,valid,f,db8522fa-d353-4318-b44b-103efe25d91b,1b17a05b-18db-4c6f-80e3-18b47f6cb8c4
2026-07-29 11:22:48.357-07,54.41,18.84,21.50,27.73,0.740,59.04,52.91,0.1000,3.73,Eco Mode,4,normal,info,,online,valid,f,4cf33f25-e69c-4ced-ab02-ae3d80d8ae0f,1b17a05b-18db-4c6f-80e3-18b47f6cb8c4
2026-07-29 11:22:48.413-07,89.58,25.37,28.62,24.00,0.880,80.80,46.36,0.0700,0.00,Increase Chiller,0,normal,info,,online,valid,f,f74dacb1-5c08-4203-b5b7-19bc91a28aa7,1b17a05b-18db-4c6f-80e3-18b47f6cb8c4
2026-07-29 11:22:48.466-07,56.11,20.96,26.28,19.62,0.670,60.89,36.43,0.0600,4.38,Eco Mode,4,normal,info,,online,valid,f,6af3a231-ae50-4a4b-a716-a587656b91b2,1b17a05b-18db-4c6f-80e3-18b47f6cb8c4
2026-07-29 11:22:48.519-07,36.10,18.66,23.01,18.00,0.500,40.13,35.56,0.0600,6.00,Maintain,2,normal,info,,online,valid,f,4267708e-c7f8-4267-a727-e2505aa98282,1b17a05b-18db-4c6f-80e3-18b47f6cb8c4
2026-07-29 11:22:48.572-07,47.66,19.55,24.36,20.30,0.650,55.75,40.82,0.0500,3.70,Maintain,2,normal,info,,online,valid,f,93a129b8-6b8e-4883-8a47-e70aaa62483b,1b17a05b-18db-4c6f-80e3-18b47f6cb8c4
2026-07-29 11:22:48.634-07,61.99,21.80,29.51,23.47,0.710,61.47,44.22,0.0900,0.53,Boost All,3,normal,info,,online,valid,f,6e4a22b9-3830-40a2-8c55-9cb24e4b19c7,1b17a05b-18db-4c6f-80e3-18b47f6cb8c4
2026-07-29 11:22:48.69-07,82.39,22.77,28.95,26.69,1.020,92.17,55.78,0.1300,2.69,Increase Chiller,0,normal,info,,online,valid,f,c856ef93-01e8-4da0-a6af-6c906d0d9307,1b17a05b-18db-4c6f-80e3-18b47f6cb8c4
2026-07-29 11:22:48.742-07,89.76,24.47,29.53,23.11,0.940,90.50,42.20,0.0800,0.89,Increase Chiller,0,normal,info,,online,valid,f,1c440ddd-fc98-4dcb-bd26-16bf1b4a12a8,1b17a05b-18db-4c6f-80e3-18b47f6cb8c4
2026-07-29 11:22:48.801-07,99.62,26.25,33.09,24.05,1.030,100.00,46.62,0.1100,0.05,Increase Chiller,0,normal,info,,online,valid,f,672c0274-c0a1-479c-b178-d0859dcd7183,1b17a05b-18db-4c6f-80e3-18b47f6cb8c4
2026-07-29 11:22:48.857-07,65.24,21.28,30.26,23.06,0.750,67.33,42.25,0.0900,0.94,Boost All,3,normal,info,,online,valid,f,12aaad7d-d686-4f29-9dca-14db4a7f1fa6,1b17a05b-18db-4c6f-80e3-18b47f6cb8c4
2026-07-29 11:22:48.91-07,69.32,21.66,23.21,25.30,0.820,67.81,54.64,0.1200,1.30,Boost All,3,normal,info,,online,valid,f,1ccc49eb-2fb7-4bbb-bfe2-d052353ab902,1b17a05b-18db-4c6f-80e3-18b47f6cb8c4
2026-07-29 11:22:48.963-07,86.23,22.78,25.44,27.65,0.890,79.75,51.31,0.1100,3.65,Boost All,3,normal,info,,online,valid,f,ba6b46aa-57d2-4016-89ff-88334a131b40,1b17a05b-18db-4c6f-80e3-18b47f6cb8c4
2026-07-29 11:22:49.02-07,60.68,19.70,25.13,34.26,0.740,51.23,65.41,0.0800,10.26,Increase Chiller,0,outlier,warning,,online,valid,t,59f69e60-3464-40af-b442-55d4b57e5733,1b17a05b-18db-4c6f-80e3-18b47f6cb8c4
2026-07-29 11:22:49.076-07,76.62,21.78,25.16,25.01,0.790,68.22,49.07,0.0800,1.01,Maintain,2,normal,info,,online,valid,f,d9489a6c-3d2c-44a7-852d-99d2942b201f,1b17a05b-18db-4c6f-80e3-18b47f6cb8c4
2026-07-29 11:22:49.132-07,76.33,22.15,28.59,22.82,0.900,81.84,49.21,0.1300,1.18,Reduce AHU,1,normal,info,,online,valid,f,6bab2e56-ae56-4584-9062-06dfebf9ce98,1b17a05b-18db-4c6f-80e3-18b47f6cb8c4
2026-07-29 11:22:49.186-07,52.64,19.65,28.88,23.40,0.620,48.90,45.92,0.0900,0.60,Increase Chiller,0,normal,info,,online,valid,f,53179cc2-67f0-4fa3-b83a-aabbed2dc0ae,1b17a05b-18db-4c6f-80e3-18b47f6cb8c4
2026-07-29 11:22:49.241-07,95.22,25.13,30.71,21.94,0.960,92.43,43.62,0.1100,2.06,Boost All,3,normal,info,,online,valid,f,c331168e-3366-41ff-88d9-5fc57f73bb76,1b17a05b-18db-4c6f-80e3-18b47f6cb8c4
2026-07-29 11:22:49.297-07,72.14,21.78,29.36,28.42,0.790,63.83,56.43,0.1000,4.42,Increase Chiller,0,normal,info,,online,valid,f,2c8ecd70-678c-400f-badd-9fd9150a4899,1b17a05b-18db-4c6f-80e3-18b47f6cb8c4
2026-07-29 11:22:49.355-07,87.85,26.03,31.13,23.17,0.920,87.26,45.36,0.1300,0.83,Increase Chiller,0,normal,info,,online,valid,f,3b6da82a-f259-4ade-87c1-ffd5e16949a2,1b17a05b-18db-4c6f-80e3-18b47f6cb8c4
2026-07-29 11:22:49.412-07,60.81,20.86,23.72,22.07,0.670,55.89,43.59,0.0800,1.93,Increase Chiller,0,normal,info,,online,valid,f,890d9f99-c97c-483a-acf6-22149656c7df,1b17a05b-18db-4c6f-80e3-18b47f6cb8c4
2026-07-29 11:22:49.466-07,83.15,21.58,30.95,23.95,0.850,73.20,52.01,0.1200,0.05,Maintain,2,normal,info,,online,valid,f,b9784e2c-95f6-412d-87ef-c8f452e52475,1b17a05b-18db-4c6f-80e3-18b47f6cb8c4
2026-07-29 11:22:49.523-07,59.27,22.72,29.54,25.90,0.710,56.20,51.10,0.0700,1.90,Reduce AHU,1,normal,info,,online,valid,f,4c4d8de2-0dc4-4ae5-9a91-03f55f5b34bb,1b17a05b-18db-4c6f-80e3-18b47f6cb8c4
2026-07-29 11:22:49.574-07,43.77,19.33,24.27,19.80,0.600,50.17,39.84,0.0600,4.20,Eco Mode,4,normal,info,,online,valid,f,7a6f0958-47f4-48bf-a8d5-6d09004a7c29,1b17a05b-18db-4c6f-80e3-18b47f6cb8c4
2026-07-29 11:22:49.63-07,78.79,23.88,30.94,29.75,0.910,78.59,55.53,0.1100,5.75,Maintain,2,normal,info,,online,valid,f,d7f99710-1ee6-47c7-9026-04c07df5f69c,1b17a05b-18db-4c6f-80e3-18b47f6cb8c4
2026-07-29 11:22:49.683-07,94.10,24.98,29.25,21.53,0.900,87.15,40.99,0.1100,2.47,Increase Chiller,0,normal,info,,online,valid,f,86fdaae6-d205-49ed-b44c-8a3fdf8ccd4a,1b17a05b-18db-4c6f-80e3-18b47f6cb8c4
2026-07-29 11:22:49.745-07,66.23,20.51,26.96,24.12,0.690,57.92,45.20,0.0700,0.12,Eco Mode,4,normal,info,,online,valid,f,2455cbaf-f125-4979-a261-6f4726d7df2d,1b17a05b-18db-4c6f-80e3-18b47f6cb8c4
2026-07-29 11:22:49.801-07,44.50,19.94,24.96,20.76,0.570,42.40,45.46,0.0600,3.24,Reduce AHU,1,normal,info,,online,valid,f,ebbc4d33-b2d6-4ec7-8f63-df8dc0420756,1b17a05b-18db-4c6f-80e3-18b47f6cb8c4
2026-07-29 11:22:49.856-07,57.63,20.16,22.13,25.20,0.780,64.27,54.07,0.0700,1.20,Eco Mode,4,normal,info,,online,valid,f,db70d7a1-49d9-4a80-8be9-d485b7e893be,1b17a05b-18db-4c6f-80e3-18b47f6cb8c4
2026-07-29 11:22:49.911-07,100.00,25.31,31.40,23.01,1.030,100.00,46.45,0.1500,0.99,Boost All,3,outlier,warning,,online,valid,t,9c91c6ae-ff84-4367-b3e9-cd12889c70d8,1b17a05b-18db-4c6f-80e3-18b47f6cb8c4
2026-07-29 11:22:49.966-07,16.41,17.67,24.21,26.48,0.410,20.00,50.43,0.0400,2.48,Eco Mode,4,normal,info,,online,valid,f,3f5da718-35bb-4973-becf-08763b54734a,1b17a05b-18db-4c6f-80e3-18b47f6cb8c4
2026-07-29 11:22:50.023-07,100.00,23.97,29.16,28.22,1.010,90.16,57.71,0.1400,4.22,Maintain,2,normal,info,,online,valid,f,3aaca6b7-cf0f-4d25-a21d-d3fb456ca5a8,1b17a05b-18db-4c6f-80e3-18b47f6cb8c4
2026-07-29 11:22:50.08-07,88.93,24.29,27.75,22.30,1.000,98.28,42.58,0.1500,1.70,Eco Mode,4,outlier,warning,,online,valid,t,0c19b010-b760-431c-8bcf-73d180cbc916,1b17a05b-18db-4c6f-80e3-18b47f6cb8c4
2026-07-29 11:22:50.138-07,48.25,19.74,23.62,25.54,0.680,55.06,47.11,0.0600,1.54,Boost All,3,normal,info,,online,valid,f,e2988792-ca2c-42ae-ba8a-0ea71b54bacb,1b17a05b-18db-4c6f-80e3-18b47f6cb8c4
2026-07-29 11:22:50.194-07,76.26,21.34,28.09,23.82,0.890,79.08,51.01,0.0900,0.18,Increase Chiller,0,normal,info,,online,valid,f,ef6ff9af-24a6-489c-866c-9afa9f2c9ec1,1b17a05b-18db-4c6f-80e3-18b47f6cb8c4
2026-07-29 11:22:50.251-07,40.76,19.28,23.17,26.55,0.520,34.00,50.25,0.0500,2.55,Eco Mode,4,normal,info,,online,valid,f,fc84a9e6-21a0-4952-92bd-3e7c36d49c62,1b17a05b-18db-4c6f-80e3-18b47f6cb8c4
2026-07-29 11:22:50.308-07,31.42,17.71,24.75,18.79,0.440,29.43,40.67,0.0500,5.21,Reduce AHU,1,normal,info,,online,valid,f,dee92b5a-33d2-4bbd-9926-fc8a978323a5,1b17a05b-18db-4c6f-80e3-18b47f6cb8c4
2026-07-29 11:22:50.365-07,54.34,21.22,25.07,22.47,0.680,56.48,45.59,0.1000,1.53,Boost All,3,normal,info,,online,valid,f,050113cf-edc9-4c95-9987-fd695db1f288,1b17a05b-18db-4c6f-80e3-18b47f6cb8c4
2026-07-29 11:22:50.428-07,35.31,17.27,20.46,26.54,0.490,30.05,49.38,0.0600,2.54,Increase Chiller,0,normal,info,,online,valid,f,f39cbd24-9705-4704-a381-9b16b07139b3,1b17a05b-18db-4c6f-80e3-18b47f6cb8c4
2026-07-29 11:22:50.483-07,95.54,26.29,32.77,19.85,1.050,91.77,59.75,0.1100,4.15,Boost All,3,workload_spike,warning,,online,valid,t,4a2a855a-18e7-4287-af39-c6dd7f38b5c2,1b17a05b-18db-4c6f-80e3-18b47f6cb8c4
2026-07-29 11:22:50.539-07,81.21,20.72,22.70,21.94,0.940,88.23,47.79,0.1100,2.06,Eco Mode,4,normal,info,,online,valid,f,0b119823-9d72-4b5e-be4c-f4cd440bf32f,1b17a05b-18db-4c6f-80e3-18b47f6cb8c4
2026-07-29 11:22:50.596-07,63.70,20.87,24.30,21.25,0.770,66.55,46.52,0.0800,2.75,Eco Mode,4,normal,info,,online,valid,f,e39b3b27-00d5-4a24-a513-d48f6a395238,1b17a05b-18db-4c6f-80e3-18b47f6cb8c4
2026-07-29 11:22:50.654-07,92.13,23.79,32.79,25.26,1.030,94.19,55.21,0.1000,1.26,Maintain,2,normal,info,,online,valid,f,9dbe212a-9a79-4af0-af5c-31a421c2af61,1b17a05b-18db-4c6f-80e3-18b47f6cb8c4
2026-07-29 11:22:50.71-07,96.24,26.24,31.13,22.57,1.100,96.74,67.12,0.1100,1.43,Boost All,3,workload_spike,warning,,online,valid,t,9193bab3-5490-4d62-8540-1fbbe3fbd50c,1b17a05b-18db-4c6f-80e3-18b47f6cb8c4
2026-07-29 11:22:50.763-07,81.56,23.23,29.08,28.28,1.010,91.27,55.44,0.1300,4.28,Boost All,3,normal,info,,online,valid,f,df9cc99e-a999-41d0-9539-fd1f2379f941,1b17a05b-18db-4c6f-80e3-18b47f6cb8c4
2026-07-29 11:22:50.82-07,65.09,23.08,27.09,22.27,0.730,64.92,41.23,0.0800,1.73,Reduce AHU,1,normal,info,,online,valid,f,8028f91c-2a2b-4561-b56f-d8ed50fbafe3,1b17a05b-18db-4c6f-80e3-18b47f6cb8c4
2026-07-29 11:22:50.873-07,45.82,19.62,24.18,24.40,0.660,53.89,46.17,0.0800,0.40,Maintain,2,normal,info,,online,valid,f,82b15ea0-fb76-4b19-b139-8a088f32f114,1b17a05b-18db-4c6f-80e3-18b47f6cb8c4
2026-07-29 11:22:50.93-07,99.68,27.10,33.13,26.13,0.940,86.33,59.53,0.0900,2.13,Boost All,3,workload_spike,warning,,online,valid,t,f4b52231-e01b-43d2-9adf-dd34bedec75c,1b17a05b-18db-4c6f-80e3-18b47f6cb8c4
2026-07-29 11:22:50.987-07,56.48,22.08,24.55,23.86,0.670,50.83,51.91,0.0800,0.14,Boost All,3,normal,info,,online,valid,f,03c6a3f6-69c9-4a3e-9947-f24e64dfcd91,1b17a05b-18db-4c6f-80e3-18b47f6cb8c4
2026-07-29 11:22:51.043-07,70.97,21.29,27.84,23.80,0.800,71.63,45.75,0.1100,0.20,Eco Mode,4,normal,info,,online,valid,f,d532d51d-bddb-4157-921f-77e2456589c5,1b17a05b-18db-4c6f-80e3-18b47f6cb8c4
2026-07-29 11:22:51.099-07,53.24,20.79,27.93,27.12,0.650,46.03,55.87,0.0600,3.12,Increase Chiller,0,normal,info,,online,valid,f,05064de2-85b0-4a65-beef-12c246abb62f,1b17a05b-18db-4c6f-80e3-18b47f6cb8c4
2026-07-29 11:22:51.152-07,53.32,20.66,23.78,24.82,0.620,44.44,52.06,0.0900,0.82,Eco Mode,4,normal,info,,online,valid,f,72f022db-b7a6-40e1-ae6e-93e1ceed4f88,1b17a05b-18db-4c6f-80e3-18b47f6cb8c4
2026-07-29 11:22:51.207-07,47.95,19.52,21.88,23.98,0.720,57.66,51.85,0.0600,0.02,Maintain,2,normal,info,,online,valid,f,952f718f-7d89-4b1a-ab1f-6d6f16d12f8a,1b17a05b-18db-4c6f-80e3-18b47f6cb8c4
2026-07-29 11:22:51.26-07,54.41,18.84,21.50,27.73,0.740,59.04,52.91,0.1000,3.73,Eco Mode,4,normal,info,,online,valid,f,5763055c-db22-4b29-8b38-b97ff1645334,1b17a05b-18db-4c6f-80e3-18b47f6cb8c4
2026-07-29 11:22:51.314-07,99.15,25.02,31.57,23.94,1.070,93.20,61.32,0.1100,0.06,Boost All,3,workload_spike,warning,,online,valid,t,246cc1e7-ebbf-447a-9f24-1ad168f95dbb,1b17a05b-18db-4c6f-80e3-18b47f6cb8c4
2026-07-29 11:22:51.371-07,66.57,20.85,25.31,23.69,0.710,57.18,49.88,0.0800,0.31,Increase Chiller,0,normal,info,,online,valid,f,8fb097d7-0e09-452d-8c30-16ca9307251d,1b17a05b-18db-4c6f-80e3-18b47f6cb8c4
2026-07-29 11:22:51.428-07,80.77,22.46,27.30,27.84,0.860,74.81,52.96,0.0800,3.84,Maintain,2,normal,info,,online,valid,f,517d7032-60a9-44cb-b8b5-074fb52b1840,1b17a05b-18db-4c6f-80e3-18b47f6cb8c4
2026-07-29 11:22:51.482-07,68.23,22.64,25.81,26.54,0.820,71.67,48.91,0.1000,2.54,Eco Mode,4,normal,info,,online,valid,f,a96d739f-4bbe-453e-b3fc-a591533fe6c8,1b17a05b-18db-4c6f-80e3-18b47f6cb8c4
2026-07-29 11:22:51.54-07,42.74,18.22,23.73,26.40,0.650,49.00,52.35,0.0700,2.40,Reduce AHU,1,normal,info,,online,valid,f,ba3086b5-f403-4dae-8be2-a9ad656dccf9,1b17a05b-18db-4c6f-80e3-18b47f6cb8c4
2026-07-29 11:22:51.597-07,58.02,20.93,24.45,29.14,0.750,59.02,55.93,0.0600,5.14,Reduce AHU,1,normal,info,,online,valid,f,cc65d58b-0a25-4e8a-8a7f-81cb9c04bc2c,1b17a05b-18db-4c6f-80e3-18b47f6cb8c4
2026-07-29 11:22:51.653-07,53.74,21.61,24.34,24.97,0.700,55.16,52.38,0.0700,0.97,Maintain,2,normal,info,,online,valid,f,a6c8032e-3b6f-4db8-9d55-88d529552166,1b17a05b-18db-4c6f-80e3-18b47f6cb8c4
